"","Module Catalog","ue for the Subject"
"","Inf","ormation Systems"
"","Master’s with 1 majo","r, 120 ECTS credits"
"Module title","Abbreviation",""
"E-Commerce II","12-M-EC2-182","-m01"
"Module coordinator","Module offered by",""
"Dean of the Faculty of Business Man","agement and Econo-
Faculty of Business Management","and Economics"
"mics","",""
"ECTS
Method of grading","Only after succ. compl. of module(s)",""
"5
numerical grade","--",""
"Duration
Module level","Other prerequisites",""
"1 semester
graduate","--",""
"Contents","",""
"E-commerce is a highly relevant field","for almost all types of companies. However, the ecommer","ce approaches"
"and strategies applied by companies","differ strongly depending on the respective firm context (","e.g., in terms of in-"
"dustry, types of customers, types of","products). In this seminar, students analyze the specific e-","commerce strat-"
"egy of a selected firm. In doing so, th","ey evaluate the strategies’ current and future potential an","d make suggesti-"
"ons for improvements and for addres","sing future trends. Furthermore, each lecture session will","contain short pre-"
"sentations where the students (in gro","ups) will either apply selected lecture topics to real-world","business cases"
"or present the core aspects of resear","ch articles dealing with e-commerce topics in general.",""
"Intended learning outcomes","",""
"This class enables students to gain i","nsights into real-life e-commerce strategies and to train th","eir abilities in as-"
"sessing business strategies.","",""
"Courses (type, number of weekly contact hour","s, language — if other than German)",""
"V (2)","",""
"Module taught in: English","",""
"Method of assessment (type, scope, lang","uage — if other than German, examination offered — if not every semester, in","formation on whether"
"module is creditable for bonus)","",""
"a) written examination (approx. 60 to","120 minutes) or b) term paper (15 to 20 pages)",""
"Assessment offered: In the semester","in which the course is offered",""
"Language of assessment: English","",""
"creditable for bonus","",""
"Allocation of places","",""
"--","",""
"Additional information","",""
"--","",""
"Workload","",""
"150 h","",""
"Teaching cycle","",""
"--","",""
"Referred to in LPO I  (examination regulati","ons for teaching-degree programmes)",""
"--","",""
"Module appears in","",""
"Master's degree (1 major) Manageme","nt (2018)",""
"Master's degree (1 major) China Busi","ness and Economics (2019)",""
"Master's degree (1 major) China Lang","uage and Economy (2019)",""
"Master's degree (1 major) Informatio","n Systems (2019)",""
"Master's degree (1 major) China Busi","ness and Economics (2021)",""
"Master's degree (1 major) China Lang","uage and Economy (2021)",""
"exchange program Business Manage","ment and Economics (2022)",""
"Master’s with 1 major Information Systems (2019)","JMU Würzburg • generated 11-Mai-2023 • exam. reg. da-","page 211 / 250"
