"","Module Catalog","ue for the Subject"
"","Inf","ormation Systems"
"","Master’s with 1 majo","r, 120 ECTS credits"
"Module title","Abbreviation",""
"Discrete Event Simulation","10-I=ST-161-m","01"
"Module coordinator","Module offered by",""
"holder of the Chair of Computer Scie","nce III
Institute of Computer Science",""
"ECTS
Method of grading","Only after succ. compl. of module(s)",""
"8
numerical grade","--",""
"Duration
Module level","Other prerequisites",""
"1 semester
graduate","--",""
"Contents","",""
"Introduction to simulation technique","s, statistical groundwork, creation of random numbers an","d random varia-"
"bles, random sample theory and esti","mation techniques, statistical analysis of simulation value","s, inspection of"
"measured data, planning and evalua","tion of simulation experiments, special random processes",", possibilities and"
"limits of model creation and simulati","on, advanced concepts and techniques, practical executio","n of simulation"
"projects.","",""
"Intended learning outcomes","",""
"The students possess the methodic k","nowledge and the practical skills necessary for the stoch","astic simulation of"
"(technical) systems, the evaluation o","f results and the correct assessment of the possibilities a","nd limits of simu-"
"lation methods.","",""
"Courses (type, number of weekly contact hour","s, language — if other than German)",""
"V (4) + Ü (2)","",""
"Method of assessment (type, scope, lang","uage — if other than German, examination offered — if not every semester, in","formation on whether"
"module is creditable for bonus)","",""
"written examination (approx. 60 to 1","20 minutes).",""
"If announced by the lecturer at the b","eginning of the course, the written examination may be rep","laced by an oral"
"examination of one candidate each (","approx. 20 minutes) or an oral examination in groups of 2","candidates (ap-"
"prox. 15 minutes per candidate).","",""
"Language of assessment: German an","d/or English",""
"creditable for bonus","",""
"Allocation of places","",""
"--","",""
"Additional information","",""
"Focuses available for students of the","Master's programme Informatik (Computer Science, 120 E","CTS credits):"
"IT,IS,ES,GE","",""
"Workload","",""
"240 h","",""
"Teaching cycle","",""
"--","",""
"Referred to in LPO I  (examination regulati","ons for teaching-degree programmes)",""
"--","",""
"Module appears in","",""
"Master's degree (1 major) Computer","Science (2016)",""
"Master's degree (1 major) Mathemati","cs (2016)",""
"Master's degree (1 major) Computati","onal Mathematics (2016)",""
"Master's teaching degree Gymnasium","MINT Teacher Education PLUS, Elite Network Bavaria (EN","B) (2016)"
"Supplementary course MINT Teacher","Education PLUS, Elite Network Bavaria (ENB) (2016)",""
"Master's degree (1 major) Computer","Science (2017)",""
"Master's degree (1 major) Computer","Science (2018)",""
"Master’s with 1 major Information Systems (2019)","JMU Würzburg • generated 11-Mai-2023 • exam. reg. da-","page 26 / 250"
