"","Module Catalog","ue for the Subject"
"","Inf","ormation Systems"
"","Master’s with 1 majo","r, 120 ECTS credits"
"Module title","Abbreviation",""
"Project Management and Control","12-M-PROM-1","82-m01"
"Module coordinator","Module offered by",""
"Holder of the Chair of Business Mana","gement, Management 
Faculty of Business Management","and Economics"
"Accounting and Control","",""
"ECTS
Method of grading","Only after succ. compl. of module(s)",""
"5
numerical grade","--",""
"Duration
Module level","Other prerequisites",""
"1 semester
graduate","--",""
"Contents","",""
"The module focuses on the discussio","n and critical examination of instruments and methods u","sed in the context"
"of project management and control w","ithin enterprises. Both classic and agile approaches to pr","oject manage-"
"ment are considered. It covers chara","cteristic features and structures of projects, their possible","success factors,"
"methods and instruments of control","and management of projects in various project phases. Th","e theoretical basis"
"as well as potential applications of t","hese instruments are discussed.",""
"Intended learning outcomes","",""
"Initially, knowledge about fundamen","tal requirements concerning instruments of project manag","ement and con-"
"trol is acquired. What is more, the m","odule conveys knowledge about strengths and weaknesse","s and therewith"
"fields of application and limits of co","mmonly used instruments and methods of practitioners. C","ompetences wi-"
"thin the configuration and developm","ent of the project management and control as well as skill","s within the practi-"
"cal use are obtained.","",""
"Courses (type, number of weekly contact hour","s, language — if other than German)",""
"S (2)","",""
"Method of assessment (type, scope, lang","uage — if other than German, examination offered — if not every semester, in","formation on whether"
"module is creditable for bonus)","",""
"written examination (approx. 60 min","utes)",""
"Language of assessment: German an","d/or English",""
"creditable for bonus","",""
"Allocation of places","",""
"--","",""
"Additional information","",""
"--","",""
"Workload","",""
"150 h","",""
"Teaching cycle","",""
"--","",""
"Referred to in LPO I  (examination regulati","ons for teaching-degree programmes)",""
"--","",""
"Module appears in","",""
"Master's degree (1 major) Manageme","nt (2018)",""
"Master's degree (1 major) China Busi","ness and Economics (2019)",""
"Master's degree (1 major) China Lang","uage and Economy (2019)",""
"Master's degree (1 major) Informatio","n Systems (2019)",""
"Master's degree (1 major) China Busi","ness and Economics (2021)",""
"Master's degree (1 major) China Lang","uage and Economy (2021)",""
"Master's degree (1 major) Economath","ematics (2021)",""
"Master's degree (1 major) Informatio","n Systems (2022)",""
"Master’s with 1 major Information Systems (2019)","JMU Würzburg • generated 11-Mai-2023 • exam. reg. da-","page 179 / 250"
