"","","Module Catalogue for the Subject"
"","","Information Systems"
"","","Master’s with 1 major, 120 ECTS credits"
"Module title","","Abbreviation"
"Multilingual NLP","","10-I=MNLP-232-m01"
"Module coordinator","","Module offered by"
"--","","Institute of Computer Science"
"ECTS
Method of grading","Only after succ. com","pl. of module(s)"
"5
numerical grade","--",""
"Duration
Module level","Other prerequisites",""
"1 semester
--","--",""
"Contents","",""
"--","",""
"Intended learning outcomes","",""
"--","",""
"Courses (type, number of weekly con","tact hours, language — if other than Ger","man)"
"V (2) + Ü (2)","",""
"Module taught in: German an","d/or English",""
"Method of assessment (type, sc","ope, language — if other than German, e","xamination offered — if not every semester, information on whether"
"module is creditable for bonus)","",""
"written examination (approx.","60 to 120 minutes)",""
"If announced by the lecturer a","t the beginning of the course,","the written examination may be replaced by an oral"
"examination of one candidate","each (approx. 20 minutes) or","an oral examination in groups of 2 candidates (ap-"
"prox. 15 minutes per candidat","e).",""
"Language of assessment: Eng","lish",""
"Creditable for bonus","",""
"Allocation of places","",""
"--","",""
"Additional information","",""
"--","",""
"Workload","",""
"150 h","",""
"Teaching cycle","",""
"--","",""
"Referred to in LPO I  (examinatio","n regulations for teaching-degree progra","mmes)"
"--","",""
"Module appears in","",""
"Master's degree (1 major) Info","rmation Systems (2019)",""
"Master's degree (1 major) Info","rmation Systems (2022)",""
"Master's degree (1 major) Com","puter Science (2023)",""
