"","Module Catalogue for the Subject"
"","Information Systems"
"","Master’s with 1 major, 120 ECTS credits"
"Module title","Abbreviation"
"Digital Entrepreneurship","12-M-UGF3-182-m01"
"Module coordinator","Module offered by"
"Holder of the Chair of Entrepreneurship and Strategy","Faculty of Business Management and Economics"
"ECTS
Method of grading
Only after succ.","compl. of module(s)"
"5
numerical grade
--",""
"Duration
Module level
Other prerequisi","tes"
"1 semester
graduate
--",""
"Contents",""
"This module provides an introduction into digital entrepr","eneurship and digital transformation. (1) Introduction"
"(2) Digital business models (3) Identifying and exploiting","opportunities for digital entrepreneurship (4) Strategies"
"for creating competitive advantage in digital entrepreneu","rship (5) Digital marketing for entrepreneurs (6) Crowd-"
"funding for entrepreneurs (7) Design thinking (8) Lean st","artup (9) Platform ecosystems and online communities"
"(10) Digital strategy and digital transformation (11) The a","gile organization (12) Crowdsourcing (13) Cyberfraud (14)"
"Wrap-up and Q&A",""
"Intended learning outcomes",""
"Educational aims: Clarify the role of digital entrepreneur","ship and digital transformation. Explain theoretical con-"
"cepts and mechanisms behind digital entrepreneurship","and digital transformation. Enable students to critically"
"appraise alternative approaches to digital entrepreneurs","hip and digital transformation. Enable students to eva-"
"luate the boundaries and risks of digital entrepreneurshi","p and digital transformation"
"Learning outcomes: On successful completion of this mo","dule students will be able to (1) Assess the role of di-"
"gital entrepreneurship and digital transformation for cre","ating and sustaining competitive advantage, (2) Crea-"
"te and evaluate concepts related to digital entrepreneurs","hip and digital transformation, (3) Make judgements"
"about the organizational and managerial implications of","digital entrepreneurship and digital transformation, (4)"
"Systematically choose between different routes of action","."
"Courses (type, number of weekly contact hours, language — if other than","German)"
"V (2) + Ü (2)",""
"Module taught in: English",""
"Method of assessment (type, scope, language — if other than Germ","an, examination offered — if not every semester, information on whether"
"module is creditable for bonus)",""
"a) written examination (approx. 60 to 120 minutes) or b)","log (15 to 20 pages) or c) oral examination (one candida-"
"te each: approx. 10 to 15 minutes; groups of 2: approx. 2","0 minutes; groups of 3: approx. 30 minutes)"
"Language of assessment: English",""
"Allocation of places",""
"--",""
"Additional information",""
"--",""
"Workload",""
"150 h",""
"Teaching cycle",""
"--",""
"Referred to in LPO I  (examination regulations for teaching-degree pr","ogrammes)"
"--",""
"Module appears in",""
"Master's degree (1 major) Human-Computer-Interaction (","2018)"
"Master's degree (1 major) Management (2018)",""
"Master's degree (1 major) International Economic Policy","(2018)"
