"","Module Catalogue for the Subject"
"","Information Systems"
"","Master’s with 1 major, 120 ECTS credits"
"Module title","Abbreviation"
"Digital Marketing I","12-M-DM1-182-m01"
"Module coordinator","Module offered by"
"Holder of the Junior Professorship of Digital Marketing and","Faculty of Business Management and Economics"
"E-Commerce",""
"ECTS
Method of grading
Only after succ. com","pl. of module(s)"
"5
numerical grade
--",""
"Duration
Module level
Other prerequisites",""
"1 semester
graduate
--",""
"Contents",""
"Digitalization is rapidly changing our lives, including all typ","es of business relationships. Therefore, new opportu-"
"nities and approaches have emerged in all areas of the mar","keting mix: Managers can choose from a wide variety"
"of new communication channels, such as social media netw","orks, blogs, or messengers, and can engage in influ-"
"encer marketing and search engine optimization. They incre","asingly rely on online customer co-creation or crowd-"
"sourcing and create a wide variety of new digital products a","nd services, often related to completely new busi-"
"ness models. Through price crawlers and price setting tools","customers‘ price search behaviors have significant-"
"ly changed, requiring new price setting techniques. Artificia","l intelligence enables managers to automize and op-"
"timize many of these marketing processes, thus offering ne","w opportunities and challenges for companies. Over-"
"all, digital marketing offers a tremendous variety of concept","s and approaches to seize respective opportunities"
"and deal with related challenges, which will be largely highl","ighted and discussed in this course."
"Intended learning outcomes",""
"This course provides a broad overview about these new app","roaches of digital marketing. It explains the underly-"
"ing concepts of digital marketing and illustrates these appr","oaches and concepts along numerous case studies."
"After attending this course, students will have a broad as w","ell as in-depth understanding of digital marketing"
"and its tools. Morever, they will understand of how to imple","ment these tools successfully in business practice."
"Courses (type, number of weekly contact hours, language — if other than Ger","man)"
"V (2) + Ü (2)",""
"Module taught in: English",""
"Method of assessment (type, scope, language — if other than German, e","xamination offered — if not every semester, information on whether"
"module is creditable for bonus)",""
"a) written examination (approx. 60 to 120 minutes) or b) ter","m paper (15 to 20 pages)"
"Language of assessment: English",""
"creditable for bonus",""
"Allocation of places",""
"--",""
"Additional information",""
"--",""
"Workload",""
"150 h",""
"Teaching cycle",""
"--",""
"Referred to in LPO I  (examination regulations for teaching-degree progra","mmes)"
"--",""
"Module appears in",""
"Master's degree (1 major) Business Information Systems (20","16)"
"Master's degree (1 major) Business Management (2015)",""
"Master's degree (1 major) International Economic Policy (20","15)"
