"","Module Catalogue for the Subject"
"","Information Systems"
"","Master’s with 1 major, 120 ECTS credits"
"Module title","Abbreviation"
"Economist Practice Lectures","12-M-VWP-211-m01"
"Module coordinator","Module offered by"
"Holder of the Senior Professorship for Economics, Money","Faculty of Business Management and Economics"
"and International Economic Relations",""
"ECTS
Method of grading
Only after succ. co","mpl. of module(s)"
"5
numerical grade
--",""
"Duration
Module level
Other prerequisites",""
"1 semester
graduate
--",""
"Contents",""
"The content of the seminar is the active participation in as","well as the follow-up of the lectures of economists"
"from different national and international fields of activity, w","hich are organized for the event."
"The invitation of speakers from practice strengthens the pr","actical orientation of the scientifically founded and at"
"the same time internationally oriented education at the fac","ulty of economics of the University of Würzburg."
"In this way, students will gain lasting insights into the field","s of activity of economists, gain an insight into prac-"
"tical activities, discuss these with high-ranking economists","and combine them with theoretical economic know-"
"ledge gained during their studies.",""
"Intended learning outcomes",""
"By participating in the seminar, Master's students of the fa","culty of economics and business administration"
"should get to know the different fields of activity of econom","ists and the questions that determine the daily work"
"of the speakers in the course of the lectures.",""
"In addition, the participants of the seminar will have the op","portunity to apply the knowledge of economics they"
"have acquired during their studies. For this purpose, in add","ition to a discussion with the speakers following the"
"respective lecture, a debating workshop is offered to the pa","rticipants of the seminar, in which the students are to"
"learn economic argumentation and debate management. T","he learned contents and competencies will be tested"
"at the end of the semester.",""
"Courses (type, number of weekly contact hours, language — if other than Ge","rman)"
"S (2)",""
"Method of assessment (type, scope, language — if other than German,","examination offered — if not every semester, information on whether"
"module is creditable for bonus)",""
"a) oral examination (one candidate each: approx. 10 to 15","minutes, groups of 2: approx. 20 minutes, groups of 3:"
"approx. 30 minutes) or",""
"b) term paper (approx. 10 pages) and presentation (approx",". 15 minutes); (weighted 2:1) or"
"c) written examination (approx. 60 minutes)",""
"Language of assessment: German and/or English",""
"Allocation of places",""
"--",""
"Additional information",""
"--",""
"Workload",""
"150 h",""
"Teaching cycle",""
"--",""
"Referred to in LPO I  (examination regulations for teaching-degree progr","ammes)"
"--",""
