"","Module Catalogue for the Subject"
"","Information Systems"
"","Master’s with 1 major, 120 ECTS credits"
"Module title","Abbreviation"
"Robotics 1","10-I=RO1-182-m01"
"Module coordinator","Module offered by"
"holder of the Chair of Computer Science VII","Institute of Computer Science"
"ECTS
Method of grading
Only after s","ucc. compl. of module(s)"
"8
numerical grade
--",""
"Duration
Module level
Other prere","quisites"
"1 semester
graduate
--",""
"Contents",""
"History, applications and properties of robots, direc","t kinematics of manipulators: coordinate systems, rotations,"
"homogenous coordinates, axis coordinates, arm eq","uation. Inverse kinematics: solution properties, end effec-"
"tor configuration, numerical and analytical approac","hes, examples of different robots for analytical approaches."
"Workspace analysis and trajectory planning, dynam","ics of manipulators: Lagrange-Euler model, direct and inver-"
"se dynamics. Mobile robots: direct and inverse kine","matics, propulsion system, tricycle, Ackermann steering, ho-"
"lonomes and non-holonome restrictions, kinematic","classification of mobile robots, posture kinematic model."
"Movement control and path planning: roadmap met","hods, cell decomposition methods, potential field methods."
"Sensors: position sensors, speed sensors, distance","sensors."
"Intended learning outcomes",""
"The students master the fundamentals of robot man","ipulators and vehicles and are, in particular, familiar with"
"their kinematics and dynamics as well as the planni","ng of paths and task execution."
"Courses (type, number of weekly contact hours, language — if oth","er than German)"
"V (4) + Ü (2)",""
"Module taught in: English",""
"Method of assessment (type, scope, language — if other than","German, examination offered — if not every semester, information on whether"
"module is creditable for bonus)",""
"written examination (approx. 60 to 90 minutes)",""
"Separate written examination for Master's students.",""
"Language of assessment: English",""
"creditable for bonus",""
"Allocation of places",""
"--",""
"Additional information",""
"Focuses available for students of the Master's progr","amme Informatik (Computer Science, 120 ECTS credits): IS,"
"ES, LR, HCI, GE.",""
"Workload",""
"240 h",""
"Teaching cycle",""
"--",""
"Referred to in LPO I  (examination regulations for teaching-deg","ree programmes)"
"--",""
"Module appears in",""
"Master's degree (1 major) Computer Science (2018)",""
"Master's degree (1 major) Information Systems (201","9)"
"Master's teaching degree Gymnasium MINT Teacher","Education PLUS, Elite Network Bavaria (ENB) (2020)"
"Supplementary course MINT Teacher Education PLU","S, Elite Network Bavaria (ENB) (2020)"
