"","Module Catalog","ue for the Subject"
"","Inf","ormation Systems"
"","Master’s with 1 majo","r, 120 ECTS credits"
"Master's teaching degree Gymnasium MI","NT Teacher Education PLUS, Elite Network Bavaria (EN","B) (2020)"
"Supplementary course MINT Teacher Edu","cation PLUS, Elite Network Bavaria (ENB) (2020)",""
"Master's degree (1 major) Computational","Mathematics (2022)",""
"Master's degree (1 major) Information Sys","tems (2022)",""
"Master's degree (1 major) Mathematics (2","022)",""
"Master’s with 1 major Information Systems (2019)","JMU Würzburg • generated 11-Mai-2023 • exam. reg. da-","page 94 / 250"
"","ta record Master (120 ECTS) Information Systems - 2019",""
