"","Module Catalog","ue for the Subject"
"","Inf","ormation Systems"
"","Master’s with 1 majo","r, 120 ECTS credits"
"Module title","Abbreviation",""
"Mobile and Ubiquitous Systems","12-M-MUS-161","-m01"
"Module coordinator","Module offered by",""
"Holder of the Chair of Information Sy","stems Engineering
Faculty of Business Management a","nd Economics"
"ECTS
Method of grading","Only after succ. compl. of module(s)",""
"5
numerical grade","--",""
"Duration
Module level","Other prerequisites",""
"1 semester
graduate","--",""
"Contents","",""
"The module provides an overview of","technologies and business applications of mobile & ubiqu","itous computing."
"Concepts and applications are illustr","ated using numerous examples from mobile telecommuni","cations to the In-"
"ternet of Things. In the accompanyin","g exercise, corresponding case study texts are analysed a","nd discussed."
"Intended learning outcomes","",""
"- Understand the technological basic","s of mobile & ubiquitous computing.",""
"- Analysing business applications in","processes, products/services and business models",""
"- Apply the concepts learned to real-l","ife problems in a business context",""
"Courses (type, number of weekly contact hour","s, language — if other than German)",""
"Ü (2) + V (2)","",""
"Method of assessment (type, scope, lang","uage — if other than German, examination offered — if not every semester, in","formation on whether"
"module is creditable for bonus)","",""
"a) written examination (approx. 60 m","inutes) or b) oral examination (one candidate each: appro","x. 15 to 20 minu-"
"tes; groups of 2: approx. 20 minutes;","groups of 3: approx. 30 minutes)",""
"Language of assessment: German an","d/or English",""
"creditable for bonus","",""
"Allocation of places","",""
"--","",""
"Additional information","",""
"--","",""
"Workload","",""
"150 h","",""
"Teaching cycle","",""
"--","",""
"Referred to in LPO I  (examination regulati","ons for teaching-degree programmes)",""
"--","",""
"Module appears in","",""
"Master's degree (1 major) Economath","ematics (2016)",""
"Master's degree (1 major) Business I","nformation Systems (2016)",""
"Master's degree (1 major) Business M","anagement (2015)",""
"Master's degree (1 major) China Busi","ness and Economics (2016)",""
"Master's degree (1 major) Internation","al Economic Policy (2015)",""
"Master's degree (1 major) Media Com","munication (2016)",""
"Master's degree (1 major) China Lang","uage and Economy (2016)",""
"Master's degree (1 major) Media Com","munication (2018)",""
"Master's degree (1 major) Manageme","nt (2018)",""
"Master's degree (1 major) China Busi","ness and Economics (2019)",""
"Master’s with 1 major Information Systems (2019)","JMU Würzburg • generated 11-Mai-2023 • exam. reg. da-","page 59 / 250"
