"","Module Catalog","ue for the Subject"
"","Inf","ormation Systems"
"","Master’s with 1 major",", 120 ECTS credits"
"Module title","Abbreviation",""
"Advanced Operations & Logistics Ma","12-M-AOLM-18
nagement","2-m01"
"Module coordinator","Module offered by",""
"Holder of the Chair of Logistics and Q","uantitative Methods 
Faculty of Business Management a","nd Economics"
"in Business Administration","",""
"ECTS
Method of grading","Only after succ. compl. of module(s)",""
"5
numerical grade","--",""
"Duration
Module level","Other prerequisites",""
"1 semester
graduate","--",""
"Contents","",""
"The course ""Advanced Operations &","Logistics Management"" acquaints students with advanced","methods for the"
"planning of integrated production an","d logistics systems and demonstrates the application of t","hese with the help"
"of multiple case studies","",""
"Intended learning outcomes","",""
"After completing this course student","s can",""
"(i) analyze and evaluate integrated p","roduction and logistics systems;",""
"(ii) develop and apply appropriate m","ethods to plan complex production and logistics systems;",""
"(iii) evaluate the consequences of un","certainties in processes, and",""
"(iv) apply concepts and methods to p","lan uncertainties processes.",""
"Courses (type, number of weekly contact hour","s, language — if other than German)",""
"V (2) + Ü (2)","",""
"Module taught in: English","",""
"Method of assessment (type, scope, lang","uage — if other than German, examination offered — if not every semester, in","formation on whether"
"module is creditable for bonus)","",""
"a) written examination (approx. 60 m","inutes) or b) term paper (approx. 15 to 20 pages)",""
"Language of assessment: English","",""
"creditable for bonus","",""
"Allocation of places","",""
"--","",""
"Additional information","",""
"--","",""
"Workload","",""
"150 h","",""
"Teaching cycle","",""
"--","",""
"Referred to in LPO I  (examination regulati","ons for teaching-degree programmes)",""
"--","",""
"Module appears in","",""
"Master's degree (1 major) Manageme","nt (2018)",""
"Master's degree (1 major) Internation","al Economic Policy (2018)",""
"Master's degree (1 major) China Busi","ness and Economics (2019)",""
"Master's degree (1 major) China Lang","uage and Economy (2019)",""
"Master's degree (1 major) Informatio","n Systems (2019)",""
"Master's degree (1 major) China Busi","ness and Economics (2021)",""
"Master's degree (1 major) China Lang","uage and Economy (2021)",""
"Master's degree (1 major) Economath","ematics (2021)",""
"Master's degree (1 major) Informatio","n Systems (2022)",""
"Master’s with 1 major Information Systems (2019)","JMU Würzburg • generated 11-Mai-2023 • exam. reg. da-","page 73 / 250"
