"","Module Catalogue for the Subject"
"","Information Systems"
"","Master’s with 1 major, 120 ECTS credits"
"Module title","Abbreviation"
"Risk Management and Corporate Finance","12-M-CF3-182-m01"
"Module coordinator","Module offered by"
"Holder of the Chair of Corporate Finance","Faculty of Business Management and Economics"
"ECTS
Method of grading
Only after s","ucc. compl. of module(s)"
"5
numerical grade
--",""
"Duration
Module level
Other prere","quisites"
"1 semester
graduate
--",""
"Contents",""
"This module deals with the valuation and use of cla","ssical derivatives in financial markets. In particular, futures,"
"swaps and options are considered as well as their","possible applications in the context of financial risk manage-"
"ment. In particular, students will be introduced to t","he theory involved in pricing options, as well as important va-"
"luation parameters. In addition, some established","risk measures such as value-at-risk are discussed."
"1.
Introduction",""
"2. Futures & Forwards",""
"3. Swaps",""
"4. Options",""
"5. Measures of risk",""
"Intended learning outcomes",""
"Upon completion of this module students will be a","ble to,"
"(i) independently determine the fair value of the de","rivatives discussed, as well as"
"(ii) to understand and evaluate common capital ma","rket hedging strategies."
"Courses (type, number of weekly contact hours, language — if oth","er than German)"
"V (2) + Ü (2)",""
"Method of assessment (type, scope, language — if other tha","n German, examination offered — if not every semester, information on whether"
"module is creditable for bonus)",""
"a) written examination (approx. 60 to 90 minutes)","or b) term paper (approx. 15 pages)"
"Language of assessment: German and/or English",""
"creditable for bonus",""
"Allocation of places",""
"--",""
"Additional information",""
"--",""
"Workload",""
"150 h",""
"Teaching cycle",""
"--",""
"Referred to in LPO I  (examination regulations for teaching-de","gree programmes)"
"--",""
"Module appears in",""
"Master's degree (1 major) Management (2018)",""
"Master's degree (1 major) International Economic P","olicy (2018)"
"Master's degree (1 major) China Business and Econ","omics (2019)"
"Master's degree (1 major) China Language and Eco","nomy (2019)"
"Master's degree (1 major) Information Systems (20","19)"
