"Cont","ents"
"The l","ecture provides an overview of common software vulnerabilities, state-of-the-art attack techniques on mo-"
"dern","computer systems, as well as the measures implemented to protect against these attacks. In the course,"
"the f","ollowing topics are discussed:"
"•","x86-64 instruction set architecture and assembly language"
"•","Runtime attacks (code injection, code reuse, defenses)"
"•","Web security"
"•","Blockchains and smart contracts"
"•","Side-channel attacks"
"•","Hardware security"
"Inten","ded learning outcomes"
