"","Module Catalog","ue for the Subject"
"","Inf","ormation Systems"
"","Master’s with 1 majo","r, 120 ECTS credits"
"Master's degree (1 major) China Languag","e and Economy (2019)",""
"Master's degree (1 major) Information Sys","tems (2019)",""
"Master's degree (1 major) China Business","and Economics (2021)",""
"Master's degree (1 major) China Languag","e and Economy (2021)",""
"exchange program Business Managemen","t and Economics (2022)",""
"Master’s with 1 major Information Systems (2019)","JMU Würzburg • generated 11-Mai-2023 • exam. reg. da-","page 214 / 250"
"","ta record Master (120 ECTS) Information Systems - 2019",""
