"","Module Catalog","ue for the Subject"
"","Inf","ormation Systems"
"","Master’s with 1 majo","r, 120 ECTS credits"
"Module title","Abbreviation",""
"Legal Foundations of Risk Managem","12-M-RM1-161
ent and Compliance","-m01"
"Module coordinator","Module offered by",""
"Holder of the Chair of Financial Acco","unting
Faculty of Business Management","and Economics"
"ECTS
Method of grading","Only after succ. compl. of module(s)",""
"2
numerical grade","--",""
"Duration
Module level","Other prerequisites",""
"1 semester
graduate","--",""
"Contents","",""
"Content: This module analyses the p","resentation of opportunities and risks in financial reports,","i. e. annual or in-"
"terim reports, in conjunction with sel","ected value-based management and profitability analysis","approaches."
"O
utline of syllabus:","",""
"1. Basics of financial reporting and ri","sk management;",""
"2. Practice of risk reporting;","",""
"3. Profitability analysis according to","Penman;",""
"4. Value-based management and risk","management;",""
"5. Residual income and business val","uation;",""
"6. Analysis of equity risk;","",""
"7. Analysis of credit risk;","",""
"8. Risk management monitoring by a","udit committees and auditors.",""
"Reading list to be provided in class.","",""
"Intended learning outcomes","",""
"After completing the course, the stud","ents will be able",""
"1. to present the relation between ris","k management and financial reporting;",""
"2. to analyze and solve independentl","y complex problems with respect to the presentation of o","pportunities and"
"risk in financial reports based on n","ational and international standards;",""
"3. to identify the relation between ris","ks and value-based management;",""
"4. to evaluate independently selecte","d research results concerning risk reporting and desing ow","n research- or"
"practice-oriented projects.","",""
"Courses (type, number of weekly contact hour","s, language — if other than German)",""
"V (2)","",""
"Method of assessment (type, scope, lang","uage — if other than German, examination offered — if not every semester, in","formation on whether"
"module is creditable for bonus)","",""
"a) written examination (approx. 60 m","inutes) or b) term paper (approx. 15 pages)",""
"Language of assessment: German an","d/or English",""
"creditable for bonus","",""
"Allocation of places","",""
"30 places. (1) Should the number of","applications exceed the number of available places, place","s will be allocated"
"by lot among all applicants irrespecti","ve of their subjects. (2) Places on all courses of the modu","le with a restricted"
"number of places will be allocated in","the same procedure. (3) A waiting list will be maintained","and places re-allo-"
"cated by lot as they become availabl","e.",""
"Additional information","",""
"--","",""
"Workload","",""
"60 h","",""
"Teaching cycle","",""
"--","",""
"Master’s with 1 major Information Systems (2019)","JMU Würzburg • generated 11-Mai-2023 • exam. reg. da-","page 145 / 250"
