"","Module Catalogue for the Subject"
"","Information Systems"
"","Master’s with 1 major, 120 ECTS credits"
"Module title","Abbreviation"
"Business Service Platforms 1","12-BSA-192-m01"
"Module coordinator","Module offered by"
"Holder of the Chair of Business Management and Business","Faculty of Business Management and Economics"
"Information Systems",""
"ECTS
Method of grading
Only after succ. com","pl. of module(s)"
"5
numerical grade
--",""
"Duration
Module level
Other prerequisites",""
"1 semester
graduate
--",""
"Contents",""
"A next generation of enterprise systems called business ser","vice platforms is emerging using new disruptive tech-"
"nologies such as cloud computing, big data and mobility. Th","ese business service platforms apply the concept of"
"product platforms to software. They will",""
"1. be services based",""
"2. be offered as a service in the cloud",""
"3. address new classes of users and types of business espe","cially in the service business"
"4. allow for a high degree of business adaptability and exten","sibility."
"5. be supplemented by a broad offer of partner add-ons sup","porting accelerated innovation."
"These new business service platforms will play a key role in","the digital transformation of the software industry."
"Intended learning outcomes",""
"Be aware of the big business productivity progress enabled","by BIS in the last 50 years. Understand the limitati-"
"ons of these systems in spite of the digital transformation o","f the software industry ahead. Be able to critically as-"
"sess the business potential of new IC technologies. Underst","and the business demand for change. Understand"
"the necessary organizational learning needed to leverage ne","w technology for business change management."
"Courses (type, number of weekly contact hours, language — if other than Ger","man)"
"V (2)",""
"Method of assessment (type, scope, language — if other than German, e","xamination offered — if not every semester, information on whether"
"module is creditable for bonus)",""
"Written examination (approx. 60 minutes)",""
"Creditable for bonus",""
"Language of assessment: German and/or English",""
"Allocation of places",""
"40 places.",""
"Should the number of applications exceed the number of av","ailable places, places will be allocated as follows:"
"(1) Master's students of Information Systems will be given p","referential consideration."
"(2) The remaining places will be allocated to students of oth","er subjects."
"(3) When places are allocated in accordance with (1) and (2)","and the number of applications exceeds the number"
"of available places, places will be allocated by lot among ap","plicants from this group."
"Additional information",""
"--",""
"Workload",""
"150 h",""
"Teaching cycle",""
"--",""
"Referred to in LPO I  (examination regulations for teaching-degree progra","mmes)"
"--",""
"Module appears in",""
