"","Module Catalogue for the Subject"
"","Information Systems"
"","Master’s with 1 major, 120 ECTS credits"
"Module title","Abbreviation"
"Industrial Management 3","12-M-SPM-182-m01"
"Module coordinator","Module offered by"
"Holder of the Chair of Business Management and Industrial","Faculty of Business Management and Economics"
"Management",""
"ECTS
Method of grading
Only after succ. com","pl. of module(s)"
"5
numerical grade
--",""
"Duration
Module level
Other prerequisites",""
"1 semester
graduate
--",""
"Contents",""
"This module will discuss contents and procedures of strateg","ic production management and, in particular, plan-"
"ning and control concepts.",""
"Students will become familiar with the essentials of strategi","c production management. Theoretical and analyti-"
"cal models will be used for analysing both economic and ec","ological issues. In addition, the module will discuss"
"principles of value structure optimisation and will develop c","ompetences regarding the development of integra-"
"ted mathematical models.",""
"Intended learning outcomes",""
"After completion of the module students are able to process",", to analyze and answer questions of operations"
"strategy structured and goal-oriented in a global context usi","ng appropriate methods. Furthermore, they know"
"the main strategic tasks and objectives in production manag","ement and evaluate and apply planning and control"
"concepts for the production in realistic application situation","s."
"Courses (type, number of weekly contact hours, language — if other than Ger","man)"
"V (2) + Ü (2)",""
"Course type: might also be offered as eLearning, seminary,","workshop, etc."
"Method of assessment (type, scope, language — if other than German, e","xamination offered — if not every semester, information on whether"
"module is creditable for bonus)",""
"a) written examination (approx. 40 to 60 minutes) or b) pres","entation (approx. 20 minutes) and term paper (15 to"
"20 pages), weighted 1:1 or c) term paper (approx. 30 to 40 p","ages) or d) entirely or partly computerised written ex-"
"amination (approx. 60 minutes) or e) portfolio (approx 20 pa","ges)"
"Language of assessment: German and/or English",""
"creditable for bonus",""
"Allocation of places",""
"20 places. (1) Should the number of applications exceed the","number of available places, places will be allocated"
"by lot among all applicants irrespective of their subjects. (2)","Places on all courses of the module with a restricted"
"number of places will be allocated in the same procedure. (3",") A waiting list will be maintained and places re-allo-"
"cated by lot as they become available.",""
"Additional information",""
"--",""
"Workload",""
"150 h",""
"Teaching cycle",""
"--",""
"Referred to in LPO I  (examination regulations for teaching-degree progra","mmes)"
"--",""
"Module appears in",""
"Master's degree (1 major) Management (2018)",""
"Master's degree (1 major) International Economic Policy (201","8)"
