"","Module Catalogue for the Subject"
"","Information Systems"
"","Master’s with 1 major, 120 ECTS credits"
"Module title","Abbreviation"
"Information systems research","12-M-ISR-192-m01"
"Module coordinator","Module offered by"
"Holder of the Chair of Business Management and Business","Faculty of Business Management and Economics"
"Information Systems",""
"ECTS
Method of grading
Only after succ. com","pl. of module(s)"
"5
numerical grade
--",""
"Duration
Module level
Other prerequisites",""
"1 semester
graduate
--",""
"Contents",""
"The course provides an overview of theoretical scientific fou","ndations, theories, research topics and methods of"
"international research in business informatics.",""
"Intended learning outcomes",""
"The module provides students with knowledge of:",""
"(i) Exploration of classical themes of WI / IS research;",""
"(ii) Getting to know the relevant paradigms, theories and me","thods;"
"(iii) Recognition of the interfaces to other areas of business","administration and management practice;"
"(iv) Gain experience in finding and evaluation of scientific lit","erature"
"Courses (type, number of weekly contact hours, language — if other than Ger","man)"
"V (2) + Ü (2)",""
"Method of assessment (type, scope, language — if other than German, e","xamination offered — if not every semester, information on whether"
"module is creditable for bonus)",""
"a) Written examination (approx. 60 minutes) or",""
"b) oral examination (one candidate each: approx. 15 to 20 m","inutes, groups of 2: approx. 20 minutes, groups of 3:"
"approx. 30 minutes)",""
"Creditable for bonus",""
"Language of assessment: German and/or English",""
"Allocation of places",""
"40 places.",""
"Should the number of applications exceed the number of av","ailable places, places will be allocated as follows:"
"(1) Master's students of Information Systems will be given p","referential consideration."
"(2) The remaining places will be allocated to students of oth","er subjects."
"(3) When places are allocated in accordance with (1) and (2)","and the number of applications exceeds the number"
"of available places, places will be allocated by lot among ap","plicants from this group."
"Additional information",""
"--",""
"Workload",""
"150 h",""
"Teaching cycle",""
"--",""
"Referred to in LPO I  (examination regulations for teaching-degree progra","mmes)"
"--",""
"Module appears in",""
"Master's degree (1 major) Information Systems (2019)",""
"Master's degree (1 major) Information Systems (2022)",""
