"","Module Catalo","gue for the Subject"
"","Inf","ormation Systems"
"","Master’s with 1 majo","r, 120 ECTS credits"
"Module title","Abbreviation",""
"Economics of Tax Planning","12-M-SP-161-m","01"
"Module coordinator","Module offered by",""
"Holder of the Chair of Business Taxat","ion
Faculty of Business Management","and Economics"
"ECTS
Method of grading","Only after succ. compl. of module(s)",""
"5
numerical grade","--",""
"Duration
Module level","Other prerequisites",""
"1 semester
graduate","--",""
"Contents","",""
"This course deals with tax effects on","fundamental economic decisions. Taxes are integrated in","to standard mo-"
"dels for investment decisions, financ","ing decisions, firm valuation, dividend policy and remune","ration of employ-"
"ees. Therefore, the interaction of cor","porate and personal income taxes is analysed.",""
"A reading list in English is available o","n request.",""
"Intended learning outcomes","",""
"This course enables students to","",""
"(i) combine their knowledge of tax la","w with microeconomic analyses in the areas of corporate","and personal fi-"
"nance;","",""
"(ii) analyze the effect of taxes on fun","damental economic decisions, e.g. investment and financ","ing decisions, eva-"
"luation of investment, financial asset","s, forms of remuneration for employees including managi","ng and assessing;"
"(iii) read and discuss research and p","olicy papers in the field of taxation.",""
"Courses (type, number of weekly contact hour","s, language — if other than German)",""
"V (2) + Ü (2)","",""
"Method of assessment (type, scope, lang","uage — if other than German, examination offered — if not every semester, in","formation on whether"
"module is creditable for bonus)","",""
"a) written examination (approx. 60 m","inutes) or b) term paper (approx. 15 pages) or c) oral exam","ination of one"
"candidate each (approx. 20 minutes)","",""
"Language of assessment: German an","d/or English",""
"creditable for bonus","",""
"Allocation of places","",""
"--","",""
"Additional information","",""
"--","",""
"Workload","",""
"150 h","",""
"Teaching cycle","",""
"--","",""
"Referred to in LPO I  (examination regulati","ons for teaching-degree programmes)",""
"--","",""
"Module appears in","",""
"Master's degree (1 major) Economath","ematics (2016)",""
"Master's degree (1 major) Business I","nformation Systems (2016)",""
"Master's degree (1 major) Business M","anagement (2015)",""
"Master's degree (1 major) China Busi","ness and Economics (2016)",""
"Master's degree (1 major) Internation","al Economic Policy (2015)",""
"Master's degree (1 major) China Lang","uage and Economy (2016)",""
"Master's degree (1 major) Manageme","nt (2018)",""
"Master's degree (1 major) Internation","al Economic Policy (2018)",""
"Master’s with 1 major Information Systems (2019)","JMU Würzburg • generated 11-Mai-2023 • exam. reg. da-","page 160 / 250"
