"","Module Catalogue for the Subject"
"","Information Systems"
"","Master’s with 1 major, 120 ECTS credits"
"Module title","Abbreviation"
"Risk Management - Concepts and Systems","12-RM-KS-161-m01"
"Module coordinator","Module offered by"
"holder of the Chair of Business Management and Accoun-","Faculty of Business Management and Economics"
"ting",""
"ECTS
Method of grading
Only after succ. co","mpl. of module(s)"
"5
numerical grade
--",""
"Duration
Module level
Other prerequisites",""
"1 semester
graduate
--",""
"Contents",""
"Concepts: The course will provide students with an overvie","w of the main goals, contents, methods and instru-"
"ments of opportunity and risk management in industrial an","d commercial enterprises. Systems: The course will"
"provide students with an overview of the design and functi","onality of essential information systems for risk mana-"
"gement.",""
"Intended learning outcomes",""
"Concepts: After completion of the module students have a","sound understanding of basic concepts, processes,"
"methods and tools of risk management. They are able to ju","stify the duties and functions of risk management in"
"the company in theory and practice. They can also evaluate","proposed solutions for the design of a risk manage-"
"ment system, analyze selected issues of risk management","and building on that, develop their own solutions. Sy-"
"stems: After completing this module, students can",""
"(i) judge legal, organizational and methodological requirem","ents for the implementation of risk management pro-"
"cesses in a risk management information system (RMIS);",""
"(ii) understand the technical basis for RMIS;",""
"(iii) estimate the different characteristics of various informa","tion systems for the RM;"
"(iv) understand the workings of RMIS.",""
"Courses (type, number of weekly contact hours, language — if other than Ge","rman)"
"V (2)",""
"Method of assessment (type, scope, language — if other than German,","examination offered — if not every semester, information on whether"
"module is creditable for bonus)",""
"a) written examination (approx. 60 minutes) or b) oral exam","ination (one candidate each: approx. 15 to 20 minu-"
"tes; groups of 2: approx. 20 minutes; groups of 3: approx. 3","0 minutes)"
"Language of assessment: German and/or English",""
"creditable for bonus",""
"Allocation of places",""
"25 places. (1) Should the number of applications exceed th","e number of available places, places will be allocated"
"by lot among all applicants irrespective of their subjects. (2",") Places on all courses of the module with a restricted"
"number of places will be allocated in the same procedure. (","3) A waiting list will be maintained and places re-allo-"
"cated by lot as they become available.",""
"Additional information",""
"--",""
"Workload",""
"150 h",""
"Teaching cycle",""
"--",""
"Referred to in LPO I  (examination regulations for teaching-degree progr","ammes)"
"--",""
"Module appears in",""
