"","Module Catalog","ue for the Subject"
"","Inf","ormation Systems"
"","Master’s with 1 major",", 120 ECTS credits"
"Learning Outcomes","",""
"German contents and learning outcom","e available but not translated yet.",""
"Der Master-Studiengang Information","Systems wird von der Wirtschaftswissenschaftlic","hen Fakultät der"
"JMU als forschungsorientierter Studien","gang mit dem Abschluss „Master of Science"" (M",". Sc.) im Rahmen"
"eines  konsekutiven  Bachelor-  und  M","aster-  Modells  angeboten.  Der  Grad  des  Master","of  Science  stellt"
"einen  weiteren  forschungsorientierten","und  berufsqualifizierenden  Abschluss  dar;  die","im  Rahmen  des"
"Masterstudiums erworbene Qualifikat","ion entspricht der eines Diplom-Wirtschaftsinfor","matikers bzw. ei-"
"ner Diplom-Wirtschaftsinformatikerin.","",""
"Im Masterstudiengang Information Sy","stems erwerben die Studierenden vertiefte Kennt","nisse und Fähig-"
"keiten im Bereich der Wirtschaftsinfor","matik und erlangen so eine hohe wissenschaftlic","he und an¬ wen-"
"dungsbezogene Qualifikation und Sel","bstständigkeit auf diesem Gebiet. Die Studierend","en lernen Aufga-"
"benstellungen und Systeme der Wirtsc","haftsinformatik zu analysieren, Defizite zu identif","izieren und unter"
"Einsatz etablierter sowie neuer Method","en und Techniken systematisch eine konzeption","ell neue bzw. ver-"
"besserte Lösung zu erarbeiten. Durch","die Master-Prüfung weist der Kandidat bzw. die","Kandidatin nach,"
"dass er bzw. sie fundierte Fachkenntni","sse erworben hat und Aufgaben dieser Themenb","ereiche selbstän-"
"dig bearbeiten kann.","",""
"Die Masterprüfung führt zu einem zwe","iten berufsqualifizierenden Abschluss, welcher a","uf einem Bache-"
"lorstudiengang im Bereich Wirtschafts","informatik bzw. auf einem wirtschaftswissensch","aftlichen Bache-"
"lorstudiengang mit einer Schwerpunkt","setzung im Bereich Wirtschaftsinformatik aufba","ut. Durch die Ma-"
"sterprüfung wird festgestellt, ob die St","udierenden die Zusammenhänge im Bereich Wirts","chaftsinformatik"
"so beherrschen, dass sie einen eigene","n Forschungsbeitrag darin leisten können.",""
"Durch die Ausbildung und Schulung de","s analytischen Denkens erwerben die Studierend","en die Fähigkeit,"
"sich später in die an sie herangetragen","en Aufgabengebiete einzuarbeiten und insbeson","dere das bereits"
"aus dem Bachelorstudium erworbene","Grundwissen in einem Masterstudiengang selbs","tändig anzuwen-"
"den sowie auf neue Aufgabenstellung","en zu übertragen. Die Absolventinnen und Absolv","enten sind in der"
"Lage, Informationen im ökonomische","n Kontext differenziert zu betrachten und sie mit","geeigneten Mo¬"
"dellen und Methoden zu analysieren","und zu bewerten. Unter Berücksichtigung ethisc","her und ökologi-"
"scher Fragestellungen können sie Pot","enziale und Risiken abschätzen sowie nachhalt","ige Verbesserun-"
"gen oder Lösungen entwickeln. Ihre Ur","teile sind wissenschaftlich fundiert und beziehen","die Abschätzung"
"ökologischer und gesellschaftlicher F","olgen ein. Die Absolventinnen und Absolventen","sind in der Lage,"
"ihre Entscheidungen zu erläutern und","unter Beachtung wissenschaftlicher Grundsätze","zu verteidigen."
"Die Absolventinnen und Absolventen k","önnen am wissenschaftlichen Diskurs mit Fachve","rtreterinnen und"
"Fachvertretern teilnehmen. Sie haben","die notwendigen unternehmerischen, interkultu","rellen und Inno-"
"vationskompetenzen für verantwortun","gsvolle Positionen in internationalen Teams und","Unternehmen er-"
"worben. Neben Tätigkeiten in der Praxi","s sollen die Absolventen bzw. Absolventinnen be","fähigt werden, in"
"Universitäten und wissenschaftlichen","Einrichtungen tätig zu werden.",""
"Zum Erreichen der Ziele ist ein hohes","Maß an Eigeninitiative der Studierenden erford","erlich. Studieren"
"bedeutet insbesondere auch ein Selbs","tstudium und das Studieren in Arbeitsgruppen. D","ie wissenschaft-"
"liche Literatur ist dabei eine unentbeh","rliche Hilfe.",""
"Für den Erfolg im Studium und den ber","uflichen Erfolg nach dem Studium sind die Beherr","schung der engli-"
"schen Sprache und möglichst einer we","iteren Fremdsprache in Wort und Schrift sowie K","enntnisse in Rhe-"
"torik und Präsentationstechniken beso","nders förderlich. Die Entwicklung dieser Kenntni","sse fordert die ei-"
"gene Initiative der Studierenden über","das Lehrangebot hinaus. Das Studium fördert die","Persönlichkeits-"
"entwicklung und Ausbildung interkult","ureller Kompetenzen durch entsprechende Lehra","ngebote (auch in"
"englischer Sprache) sowie die Förderu","ng von Auslandsaufenthalten durch zahlreiche Pa","rtnerprogramme"
"und die vereinfachte Anerkennung von","im Ausland erworbenen Leistungen.",""
"Master’s with 1 major Information Systems (2019)","JMU Würzburg • generated 11-Mai-2023 • exam. reg. da-","page 6 / 250"
"","ta record Master (120 ECTS) Information Systems - 2019",""
