"","Module Catalog","ue for the Subject"
"","Inf","ormation Systems"
"","Master’s with 1 major",", 120 ECTS credits"
"Module title","Abbreviation",""
"Advanced Seminar: Enterprise Syste","12-M-ES-161-m
ms","01"
"Module coordinator","Module offered by",""
"Holder of the Chair of Business Mana","gement and Business 
Faculty of Business Management a","nd Economics"
"Information Systems","",""
"ECTS
Method of grading","Only after succ. compl. of module(s)",""
"10
numerical grade","--",""
"Duration
Module level","Other prerequisites",""
"1 semester
graduate","--",""
"Contents","",""
"In this course, students will acquire i","mportant knowledge and skills that will enable them to pr","epare a well-struc-"
"tured term paper and to present the r","esults of their work with the help of relevant topics in the","fields of informati-"
"on systems and enterprise systems.","",""
"R
eading:","",""
"will vary according to topic","",""
"Intended learning outcomes","",""
"After completing the course ""Enterpri","se Systems"", students will be able to",""
"1. understand the fundamentals of s","cientific literature reviews;",""
"2. integrate elaborated content in a s","cientific thesis;",""
"3. create presentations independentl","y.",""
"Courses (type, number of weekly contact hour","s, language — if other than German)",""
"S (2)","",""
"Method of assessment (type, scope, lang","uage — if other than German, examination offered — if not every semester, in","formation on whether"
"module is creditable for bonus)","",""
"term paper (approx. 20 to 25 pages)","and presentation (approx. 20 minutes), weighted 2:1",""
"Language of assessment: German an","d/or English",""
"Allocation of places","",""
"20 places. (1) Should the number of","applications exceed the number of available places, place","s will be allocated"
"by lot among all applicants irrespecti","ve of their subjects. (2) Places on all courses of the modul","e with a restricted"
"number of places will be allocated in","the same procedure. (3) A waiting list will be maintained","and places re-allo-"
"cated by lot as they become availabl","e.",""
"Additional information","",""
"--","",""
"Workload","",""
"300 h","",""
"Teaching cycle","",""
"--","",""
"Referred to in LPO I  (examination regulati","ons for teaching-degree programmes)",""
"--","",""
"Module appears in","",""
"Master's degree (1 major) Economath","ematics (2016)",""
"Master's degree (1 major) Business I","nformation Systems (2016)",""
"Master's degree (1 major) Business M","anagement (2015)",""
"Master's degree (1 major) China Busi","ness and Economics (2016)",""
"Master's degree (1 major) Internation","al Economic Policy (2015)",""
"Master's degree (1 major) China Lang","uage and Economy (2016)",""
"Master’s with 1 major Information Systems (2019)","JMU Würzburg • generated 11-Mai-2023 • exam. reg. da-","page 47 / 250"
