"","Module Catalogue for the Subject"
"","Information Systems"
"","Master’s with 1 major, 120 ECTS credits"
"Module title","Abbreviation"
"Logic Programming","10-I=LP-172-m01"
"Module coordinator","Module offered by"
"holder of the Chair of Computer Science I","Institute of Computer Science"
"ECTS
Method of grading
Only after","succ. compl. of module(s)"
"5
numerical grade
--",""
"Duration
Module level
Other prere","quisites"
"1 semester
graduate
--",""
"Contents",""
"Logic-relational programming paradigm, top-down","evaluation with SLD(NF) resolution. Introduction to the logic"
"programming language Prolog: recursion, predicat","e-oriented programming, backtracking, cut, side effects, ag-"
"gregations. Connection to (deductive) databases. C","omparison with Datalog, short introduction of advanced con-"
"cepts like constraint logic programming.",""
"Intended learning outcomes",""
"The students have fundamental and practicable kn","owledge of logic programming. They are able to implement"
"compact and declarative programs in Prolog, and t","o compare this approach to the traditional imperative pro-"
"gramming paradigm.",""
"Courses (type, number of weekly contact hours, language — if ot","her than German)"
"V (2) + Ü (2)",""
"Method of assessment (type, scope, language — if other tha","n German, examination offered — if not every semester, information on whether"
"module is creditable for bonus)",""
"written examination (approx. 60 to 120 minutes).",""
"If announced by the lecturer at the beginning of the","course, the written examination may be replaced by an oral"
"examination of one candidate each (approx. 20 mi","nutes) or an oral examination in groups of 2 candidates (ap-"
"prox. 15 minutes per candidate).",""
"Language of assessment: German and/or English",""
"creditable for bonus",""
"Allocation of places",""
"--",""
"Additional information",""
"Focuses available for students of the Master's prog","ramme Informatik (Computer Science, 120 ECTS credits): AT,"
"SE, IT, IS.",""
"Workload",""
"150 h",""
"Teaching cycle",""
"--",""
"Referred to in LPO I  (examination regulations for teaching-de","gree programmes)"
"--",""
"Module appears in",""
"Master's degree (1 major) Computer Science (2017)",""
"Master's degree (1 major) Computer Science (2018",")"
"Master's degree (1 major) Information Systems (20","19)"
"Master's teaching degree Gymnasium MINT Teache","r Education PLUS, Elite Network Bavaria (ENB) (2020)"
"Supplementary course MINT Teacher Education PL","US, Elite Network Bavaria (ENB) (2020)"
