"","Module Catalog","ue for the Subject"
"","Inf","ormation Systems"
"","Master’s with 1 majo","r, 120 ECTS credits"
"Module title","Abbreviation",""
"NLP and Text Mining","10-I=STM-162","-m01"
"Module coordinator","Module offered by",""
"holder of the Chair of Computer Scie","nce VI
Institute of Computer Science",""
"ECTS
Method of grading","Only after succ. compl. of module(s)",""
"5
numerical grade","--",""
"Duration
Module level","Other prerequisites",""
"1 semester
graduate","--",""
"Contents","",""
"Foundations in the following areas: d","efinition of NLP and text mining, properties of text, senten","ce boundary de-"
"tection, tokenisation, collocation, N-","gram models, morphology, hidden Markov models for tagg","ing, probabili-"
"stic parsing, word sense disambigua","tion, term extraction methods, information extraction, sen","timent analysis."
"The students possess theoretical an","d practical knowledge about typical methods and algorith","ms in the area of"
"text mining and language processing","mostly for English. They are able to solve problems throu","gh the methods"
"taught. They have gained experience","in the application of text mining algorithms.",""
"Intended learning outcomes","",""
"The students possess theoretical an","d practical knowledge about typical methods and algorith","ms in the area of"
"text mining and language processing",". They are able to solve practical problems with the metho","ds acquired in"
"class. They have gained experience i","n the application of text mining algorithms.",""
"Courses (type, number of weekly contact hour","s, language — if other than German)",""
"V (2) + Ü (2)","",""
"Method of assessment (type, scope, lang","uage — if other than German, examination offered — if not every semester, in","formation on whether"
"module is creditable for bonus)","",""
"written examination (approx. 60 to 1","20 minutes).",""
"If announced by the lecturer at the b","eginning of the course, the written examination may be rep","laced by an oral"
"examination of one candidate each (","approx. 20 minutes) or an oral examination in groups of 2","candidates (ap-"
"prox. 15 minutes per candidate).","",""
"Language of assessment: German an","d/or English",""
"Allocation of places","",""
"--","",""
"Additional information","",""
"Focuses available for students of the","Master's programme Informatik (Computer Science, 120 E","CTS credits): AT,"
"IT, HCI.","",""
"Workload","",""
"150 h","",""
"Teaching cycle","",""
"--","",""
"Referred to in LPO I  (examination regulati","ons for teaching-degree programmes)",""
"--","",""
"Module appears in","",""
"Master's degree (1 major) Computer","Science (2016)",""
"Master's degree (1 major) Computer","Science (2017)",""
"Master's degree (1 major) Computer","Science (2018)",""
"Master's degree (1 major) Computati","onal Mathematics (2019)",""
"Master's degree (1 major) Mathemati","cs (2019)",""
"Master's degree (1 major) Informatio","n Systems (2019)",""
"Master's teaching degree Gymnasium","MINT Teacher Education PLUS, Elite Network Bavaria (EN","B) (2020)"
"Master’s with 1 major Information Systems (2019)","JMU Würzburg • generated 11-Mai-2023 • exam. reg. da-","page 30 / 250"
