"","Module Catalo","gue for the Subject"
"","Inf","ormation Systems"
"","Master’s with 1 majo","r, 120 ECTS credits"
"Module title","Abbreviation",""
"Communication in Business and Eco","12-M-BUC-182
nomics","-m01"
"Module coordinator","Module offered by",""
"Holder of the Professorship of Econo","mic Journalism
Faculty of Business Management","and Economics"
"ECTS
Method of grading","Only after succ. compl. of module(s)",""
"5
numerical grade","--",""
"Duration
Module level","Other prerequisites",""
"1 semester
graduate","--",""
"Contents","",""
"The lecture names introductory relev","ant communication models. Furthermore, the theoretical","models of PR are"
"discussed. The added value of comm","unication for companies, business, politics, and science","is explained. The"
"discrepancy between journalism and","PR is discussed, as well as the basic elements, instrume","nts, goals, and"
"forms of PR. The preparation and imp","lementation of press meetings, conferences, campaigns,","and events will"
"be systematically explained, and the","central aspects of corporate communications will be outli","ned. The exerci-"
"se deals with the practical implemen","tation of journalistic styles in the various media and provi","des an overview of"
"the possibilities and concepts of PR","work across different media and target groups.",""
"Intended learning outcomes","",""
"After participating in the module cou","rses, students are able to understand and apply PR and it","s forms, elements"
"as well as methods and in a holistic","context. Students learn professional competencies in the","field of (business)"
"communication with regard to reflect","ion, argumentation, and exchange as a PR consultant in d","ifferent areas. In"
"addition, students will be able to app","ly concrete PR instruments in practice and prepare them","professionally."
"Courses (type, number of weekly contact hour","s, language — if other than German)",""
"V (2) + Ü (2)","",""
"Module taught in: English","",""
"Method of assessment (type, scope, lang","uage — if other than German, examination offered — if not every semester, in","formation on whether"
"module is creditable for bonus)","",""
"written examination (approx. 60 min","utes)",""
"Language of assessment: English","",""
"creditable for bonus","",""
"Allocation of places","",""
"--","",""
"Additional information","",""
"--","",""
"Workload","",""
"150 h","",""
"Teaching cycle","",""
"--","",""
"Referred to in LPO I  (examination regulati","ons for teaching-degree programmes)",""
"--","",""
"Module appears in","",""
"Master's degree (1 major) Manageme","nt (2018)",""
"Master's degree (1 major) Internation","al Economic Policy (2018)",""
"Master's degree (1 major) China Busi","ness and Economics (2019)",""
"Master's degree (1 major) China Lang","uage and Economy (2019)",""
"Master's degree (1 major) Informatio","n Systems (2019)",""
"Master's degree (1 major) China Busi","ness and Economics (2021)",""
"Master's degree (1 major) China Lang","uage and Economy (2021)",""
"Master’s with 1 major Information Systems (2019)","JMU Würzburg • generated 11-Mai-2023 • exam. reg. da-","page 222 / 250"
