"","Module Catalogue for the Subject"
"","Information Systems"
"","Master’s with 1 major, 120 ECTS credits"
"Module title","Abbreviation"
"Programming with neural nets","10-I=PNN-182-m01"
"Module coordinator","Module offered by"
"holder of the Chair of Computer Science VI","Institute of Computer Science"
"ECTS
Method of grading
Only after s","ucc. compl. of module(s)"
"5
numerical grade
--",""
"Duration
Module level
Other prere","quisites"
"1 semester
graduate
--",""
"Contents",""
"Overview over NN, implementation of important NN","-architectures like FCN, CNN and LSTMs, practical example for"
"NN-architectures, among others in the area of imag","e and language processing."
"Intended learning outcomes",""
"Knowledge about possible applications and limitati","ons of NN, for important architectures (eg. FCN, CNN, LSTM)"
"and how they are implemented in NN-tools like Ten","sorflow/Keras, ability to program network structures from lite-"
"rature, to prepare data and solve concrete tasks for","NN."
"Courses (type, number of weekly contact hours, language — if oth","er than German)"
"V (2) + Ü (2)",""
"Method of assessment (type, scope, language — if other tha","n German, examination offered — if not every semester, information on whether"
"module is creditable for bonus)",""
"written examination (approx. 60 to 120 minutes).",""
"If announced by the lecturer at the beginning of the","course, the written examination may be replaced by an oral"
"examination of one candidate each (approx. 20 min","utes) or an oral examination in groups of 2 candidates (ap-"
"prox. 15 minutes per candidate).",""
"Language of assessment: German and/or English",""
"creditable for bonus",""
"Allocation of places",""
"--",""
"Additional information",""
"Focuses available for students of the Master's prog","ramme Informatik (Computer Science, 120 ECTS credits): SE,"
"IT, IS, HCI, GE.",""
"Workload",""
"150 h",""
"Teaching cycle",""
"--",""
"Referred to in LPO I  (examination regulations for teaching-de","gree programmes)"
"--",""
"Module appears in",""
"Master's degree (1 major) Computer Science (2018)",""
"Master's degree (1 major) Information Systems (201","9)"
"Master's teaching degree Gymnasium MINT Teache","r Education PLUS, Elite Network Bavaria (ENB) (2020)"
"Supplementary course MINT Teacher Education PLU","S, Elite Network Bavaria (ENB) (2020)"
