"","Module Catalogue for the Subject"
"","Information Systems"
"","Master’s with 1 major, 120 ECTS credits"
"Module title","Abbreviation"
"Advanced Microeconomics","12-M-AM-182-m01"
"Module coordinator","Module offered by"
"Holder of the Chair of Contract Theory and Information Eco-","Faculty of Business Management and Economics"
"nomics",""
"ECTS
Method of grading
Only after succ. com","pl. of module(s)"
"5
numerical grade
--",""
"Duration
Module level
Other prerequisites",""
"1 semester
graduate
--",""
"Contents",""
"In a nutshell, microeconomic theory considers the behavior","of individual economic agents and builds from this"
"foundation to a theory of aggregate economic outcomes, wh","ich then can be applied for conducting welfare ana-"
"lysis and giving policy advice. This lecture addresses the co","re building block of this thought complex: individu-"
"al decision making and behavior. Specifically, students will","come to understand in detail the standard models of"
"riskless consumer choice, choice under risk and intertempo","ral choice and learn about the empirical challenges"
"and limitations of these models.",""
"Throughout the lecture, we will work with precise mathemat","ical formalizations of the ideas that we want to think"
"and talk about. In consequence, a solid understanding of th","e mathematical toolbox of standard microeconomics"
"(e.g., differential calculus and constrained optimization; ba","sic set theory; integration by parts) will be helpful as"
"it will allow to focus on the underlying economic intuition. H","owever, every required mathematical concept will be"
"introduced and explained along the way, such that a strong","interest in formal economic analysis is more import-"
"ant than an advanced mathematical background.",""
"The exposition is primarily based on the standard graduate","textbooks"
