"","Module Catalogue for the Subject"
"","Information Systems"
"","Master’s with 1 major, 120 ECTS credits"
"Module title","Abbreviation"
"Project - Current Topics in Computer Science","10-I=PRJAK-162-m01"
"Module coordinator","Module offered by"
"Dean of Studies Informatik (Computer Science)","Institute of Computer Science"
"ECTS
Method of grading
Only after suc","c. compl. of module(s)"
"5
numerical grade
--",""
"Duration
Module level
Other prerequ","isites"
"1 semester
graduate
--",""
"Contents",""
"Completion of a project task (in Teams).",""
"Intended learning outcomes",""
"The project allows participants to work on a problem i","n computer science in teams."
"Courses (type, number of weekly contact hours, language — if other t","han German)"
"P (4)",""
"Method of assessment (type, scope, language — if other than G","erman, examination offered — if not every semester, information on whether"
"module is creditable for bonus)",""
"project report (10 to 15 pages) and presentation of pro","ject (15 to 30 minutes)"
"Each project is offered one time only. The project will","not be repeated; there will not be another project with the"
"same topic. Assessment can, therefore, only be offere","d for the project offered in the respective semester."
"Assessment offered: In the semester in which the cou","rse is offered"
"Language of assessment: German and/or English",""
"Allocation of places",""
"--",""
"Additional information",""
"Focuses available for students of the Master's progra","mme Informatik (Computer Science, 120 ECTS credits): AT,"
"SE, IT, IS, ES, LR, HCI, GE.",""
"Workload",""
"150 h",""
"Teaching cycle",""
"--",""
"Referred to in LPO I  (examination regulations for teaching-degre","e programmes)"
"--",""
"Module appears in",""
"Master's degree (1 major) Computer Science (2016)",""
"Master's degree (1 major) Computer Science (2017)",""
"Master's degree (1 major) Computer Science (2018)",""
"Master's degree (1 major) Management (2018)",""
"Master's degree (1 major) Computational Mathematic","s (2019)"
"Master's degree (1 major) Mathematics (2019)",""
"Master's degree (1 major) Media Communication (201","9)"
"Master's degree (1 major) Information Systems (2019)",""
"Master's teaching degree Gymnasium MINT Teacher E","ducation PLUS, Elite Network Bavaria (ENB) (2020)"
"Supplementary course MINT Teacher Education PLUS,","Elite Network Bavaria (ENB) (2020)"
