"","Module Catalo","gue for the Subject"
"","Inf","ormation Systems"
"","Master’s with 1 majo","r, 120 ECTS credits"
"Module title","Abbreviation",""
"Business Communication in Print, O","12-M-ECC-182
nline and Social Media","-m01"
"Module coordinator","Module offered by",""
"Holder of the Professorship of Econo","mic Journalism
Faculty of Business Management","and Economics"
"ECTS
Method of grading","Only after succ. compl. of module(s)",""
"5
numerical grade","--",""
"Duration
Module level","Other prerequisites",""
"1 semester
graduate","--",""
"Contents","",""
"This module focuses on the relations","hip of offer characteristics with benefit aspects for the en","d consumer and"
"the business models on the part of t","he providers. Starting from the basics of editorial work and","professional text"
"management, the new forms of com","munication management in social networks are presented",". The focus of the"
"lecture is on the use of social media","in campaigns (Facebook, Twitter, Instagram, Tiktok). Ther","e will also be exer-"
"cises on various Web 2.0 application","s (e.g. online social networks) and on the collection and i","nterpretation of"
"online market research data. Howeve","r, crisis communication of companies will also be covere","d in particular opi-"
"nion-makers on the web as well as p","rotest culture on the web.",""
"Intended learning outcomes","",""
"By participating in the module cours","es, students acquire job-specific skills in research and int","erviewing. Stu-"
"dents are able to collect and organiz","e information according to criteria of topicality and relevan","ce. In addition,"
"students are taught journalistic expe","rtise so that they are able to recognize the forms of prese","ntation of news, re-"
"ports, and background reports with t","heir media characteristics and communicative functions i","n different media"
"genres and create them themselves.","Students will be able to prototype and design a social me","dia campaign, de-"
"scribe the editorial and technical app","roach including feedback, response, and customer engag","ement. In additi-"
"on, students will be able to design co","unter-strategies for corporate communication crises.",""
"Courses (type, number of weekly contact hour","s, language — if other than German)",""
"V (2) + Ü (2)","",""
"Method of assessment (type, scope, lang","uage — if other than German, examination offered — if not every semester, in","formation on whether"
"module is creditable for bonus)","",""
"written examination (approx. 60 min","utes)",""
"Language of assessment: German an","d/or English",""
"creditable for bonus","",""
"Allocation of places","",""
"--","",""
"Additional information","",""
"--","",""
"Workload","",""
"150 h","",""
"Teaching cycle","",""
"--","",""
"Referred to in LPO I  (examination regulati","ons for teaching-degree programmes)",""
"--","",""
"Module appears in","",""
"Master's degree (1 major) Manageme","nt (2018)",""
"Master's degree (1 major) Internation","al Economic Policy (2018)",""
"Master's degree (1 major) China Busi","ness and Economics (2019)",""
"Master's degree (1 major) China Lang","uage and Economy (2019)",""
"Master's degree (1 major) Media Com","munication (2019)",""
"Master’s with 1 major Information Systems (2019)","JMU Würzburg • generated 11-Mai-2023 • exam. reg. da-","page 224 / 250"
