"Learning Outcomes","6"
"Abbreviations used, Conventions, Notes, In accordance with","7"
"Compulsory Courses","9"
"Information Processing within Organizations","10"
"IT-Management","12"
"Project Seminar","14"
"Compulsory Electives I: Fundamentals Computer Science","15"
"Information Retrieval","16"
"Analysis and Design of Programs","18"
"Security of Software Systems","20"
"Software Architecture","22"
"Artificial Intelligence 1","24"
"Discrete Event Simulation","26"
"Advanced Programming","28"
"Programming with neural nets","29"
"NLP and Text Mining","30"
"Systems Benchmarking","32"
"Computer Vision","33"
"Image Processing and Computational Photography","34"
"Multilingual NLP","35"
"Statistical Network Analysis","36"
"Operations Research","38"
"Machine Learning for Networks 1","39"
"Data Science","40"
"Compulsory Electives II: Tracks","41"
"Track 1: Enterprise Systems","42"
"Business Software 1: IS-based Enterprise Management","43"
"Business Software 2: Enterprise Resource Planning Systems","45"
"Advanced Seminar: Enterprise Systems","47"
"Track 2: Business Analytics","49"
"Decision Support Systems","50"
"Analytical Information Systems","52"
"Business Analytics","54"
"Track 3: Electronic Business","56"
"E-Business Strategies","57"
"Mobile and Ubiquitous Systems","59"
"Seminar: E-Business Strategies","61"
"Track 4: Global Operations and Information Management","63"
"Corporate Entrepreneurship","64"
"Digital Entrepreneurship","66"
"Advanced Seminar: Entrepreneurship and Management","68"
"Track 5: Operations Management","70"
"Global Logistics & Supply Chain Management","71"
"Advanced Operations & Logistics Management","73"
"Seminar: Operations Management","75"
"Compulsory Electives III: Electives","76"
