"","Module Catalog","ue for the Subject"
"","Inf","ormation Systems"
"","Master’s with 1 majo","r, 120 ECTS credits"
"Module title","Abbreviation",""
"Information Retrieval","10-I=IR-161-m","01"
"Module coordinator","Module offered by",""
"Dean of Studies Informatik (Compute","r Science)
Institute of Computer Science",""
"ECTS
Method of grading","Only after succ. compl. of module(s)",""
"5
numerical grade","--",""
"Duration
Module level","Other prerequisites",""
"1 semester
graduate","--",""
"Contents","",""
"IR models (e. g. Boolean and vector s","pace model, evaluation), processing of text (tokenising, t","ext properties),"
"data structures (e. g. inverted index),","query elements (e. g. query operations, relevance feedba","ck, query langua-"
"ges and paradigms, structured queri","es), search engine (e. g. architecture, crawling, interfaces,","link analysis), me-"
"thods to support IR (e. g. recommend","ation systems, text clustering and classification, informat","ion extraction)."
"Intended learning outcomes","",""
"The students possess theoretical an","d practical knowledge in the area of information retrieval a","nd have acquired"
"the technical know-how to create a s","earch engine.",""
"Courses (type, number of weekly contact hour","s, language — if other than German)",""
"V (2) + Ü (2)","",""
"Method of assessment (type, scope, lang","uage — if other than German, examination offered — if not every semester, in","formation on whether"
"module is creditable for bonus)","",""
"written examination (approx. 60 to 1","20 minutes).",""
"If announced by the lecturer at the b","eginning of the course, the written examination may be rep","laced by an oral"
"examination of one candidate each (","approx. 20 minutes) or an oral examination in groups of 2","candidates (ap-"
"prox. 15 minutes per candidate).","",""
"Language of assessment: German an","d/or English",""
"creditable for bonus","",""
"Allocation of places","",""
"--","",""
"Additional information","",""
"Focuses available for students of the","Master's programme Informatik (Computer Science, 120 E","CTS credits):"
"IT,IS,HCI,GE","",""
"Workload","",""
"150 h","",""
"Teaching cycle","",""
"--","",""
"Referred to in LPO I  (examination regulati","ons for teaching-degree programmes)",""
"--","",""
"Module appears in","",""
"Master's degree (1 major) Computer","Science (2016)",""
"Master's degree (1 major) Mathemati","cs (2016)",""
"Master's degree (1 major) Computati","onal Mathematics (2016)",""
"Master's degree (1 major) Digital Hum","anities (2016)",""
"Master's teaching degree Gymnasium","MINT Teacher Education PLUS, Elite Network Bavaria (EN","B) (2016)"
"Supplementary course MINT Teacher","Education PLUS, Elite Network Bavaria (ENB) (2016)",""
"Master's degree (1 major) Computer","Science (2017)",""
"Master's degree (1 major) Computer","Science (2018)",""
"Master's degree (1 major) Computati","onal Mathematics (2019)",""
"Master’s with 1 major Information Systems (2019)","JMU Würzburg • generated 11-Mai-2023 • exam. reg. da-","page 95 / 250"
