"","Module Catalogue for the Subject"
"","Information Systems"
"","Master’s with 1 major, 120 ECTS credits"
"Module title","Abbreviation"
"Artificial Intelligence 2","10-I=KI2-161-m01"
"Module coordinator","Module offered by"
"holder of the Chair of Computer Science VI","Institute of Computer Science"
"ECTS
Method of grading
Only after s","ucc. compl. of module(s)"
"5
numerical grade
--",""
"Duration
Module level
Other prere","quisites"
"1 semester
graduate
--",""
"Contents",""
"Planning, probabilistic closure and Bayesian netwo","rks, utility theory and decidability problems, learning from"
"observations, knowledge while learning, neural net","works and statistical learning methods, reinforcement lear-"
"ning, processing of natural language.",""
"Intended learning outcomes",""
"The students possess theoretical and practical kno","wledge about artificial intelligence in the area of probabilistic"
"closure, learning and language processing and are","able to assess possible applications."
"Courses (type, number of weekly contact hours, language — if oth","er than German)"
"V (2) + Ü (2)",""
"Method of assessment (type, scope, language — if other tha","n German, examination offered — if not every semester, information on whether"
"module is creditable for bonus)",""
"written examination (approx. 60 to 120 minutes).",""
"If announced by the lecturer at the beginning of the","course, the written examination may be replaced by an oral"
"examination of one candidate each (approx. 20 min","utes) or an oral examination in groups of 2 candidates (ap-"
"prox. 15 minutes per candidate).",""
"Language of assessment: German and/or English",""
"creditable for bonus",""
"Allocation of places",""
"--",""
"Additional information",""
"Focuses available for students of the Master's prog","ramme Informatik (Computer Science, 120 ECTS credits):"
"AT,SE,IS,HCI,GE",""
"Workload",""
"150 h",""
"Teaching cycle",""
"--",""
"Referred to in LPO I  (examination regulations for teaching-de","gree programmes)"
"--",""
"Module appears in",""
"Master's degree (1 major) Computer Science (2016)",""
"Master's degree (1 major) Mathematics (2016)",""
"Master's degree (1 major) Computational Mathemat","ics (2016)"
"Master's teaching degree Gymnasium MINT Teache","r Education PLUS, Elite Network Bavaria (ENB) (2016)"
"Supplementary course MINT Teacher Education PLU","S, Elite Network Bavaria (ENB) (2016)"
"Master's degree (1 major) Computer Science (2017)",""
"Master's degree (1 major) Computer Science (2018)",""
"Master's degree (1 major) Computational Mathemat","ics (2019)"
"Master's degree (1 major) Mathematics (2019)",""
