"","Module Catalogue for the Subject"
"","Information Systems"
"","Master’s with 1 major, 120 ECTS credits"
"Module title","Abbreviation"
"Portfolio and Capital Market Theory","12-M-CF2-182-m01"
"Module coordinator","Module offered by"
"Holder of the Chair of Corporate Finance","Faculty of Business Management and Economics"
"ECTS
Method of grading
Only after","succ. compl. of module(s)"
"5
numerical grade
--",""
"Duration
Module level
Other prer","equisites"
"1 semester
graduate
--",""
"Contents",""
"This module conveys profound knowledge of indiv","idual portfolio choices and on this basis the most important"
"capital market theory (namely capital asset pricing","model) is introduced, including its assumptions, implications"
"and extensions.",""
"Syllabus:",""
"1. Modern Portfolio Selection",""
"1. 2 Asset-Case",""
"2. Multiple-Asset-Case",""
"3. Critique of Portfolio Theory",""
"2. Capital Asset Pricing Model",""
"1. Assumptions and Derivation",""
"2. Implications",""
"3. Empirical Aspects, Extensions and Alternatives",""
"Intended learning outcomes",""
"This module enables the students",""
"(i) to explain and to determine the optimal capital","market position of an investor given the different investment"
"opportunities and individual utility function;",""
"(ii) to understand and use the central CAPM propo","sitions for valuating risky assets."
"Courses (type, number of weekly contact hours, language — if ot","her than German)"
"V (2) + Ü (2)",""
"Method of assessment (type, scope, language — if other th","an German, examination offered — if not every semester, information on whether"
"module is creditable for bonus)",""
"a) written examination (approx. 60 to 90 minutes)","or b) term paper (approx. 15 pages)"
"Language of assessment: German and/or English",""
"creditable for bonus",""
"Allocation of places",""
"--",""
"Additional information",""
"--",""
"Workload",""
"150 h",""
"Teaching cycle",""
"--",""
"Referred to in LPO I  (examination regulations for teaching-d","egree programmes)"
"--",""
"Module appears in",""
