"","Module Catalog","ue for the Subject"
"","Inf","ormation Systems"
"","Master’s with 1 majo","r, 120 ECTS credits"
"Module title","Abbreviation",""
"Algorithms for Geographic Informati","10-I=AGIS-161
on Systems","-m01"
"Module coordinator","Module offered by",""
"holder of the Chair of Computer Scie","nce I
Institute of Computer Science",""
"ECTS
Method of grading","Only after succ. compl. of module(s)",""
"5
numerical grade","--",""
"Duration
Module level","Other prerequisites",""
"1 semester
graduate","--",""
"Contents","",""
"Algorithmic foundations of geograph","ic information systems and their application in selected p","roblems of acqui-"
"sition, processing, analysis and pres","entation of spatial information. Processes of discrete and","continuous opti-"
"misation. Applications such as the cr","eation of digital height models, working with GPS trajecto","ries, tasks of spa-"
"tial planning as well as cartographic","generalisation.",""
"Intended learning outcomes","",""
"The students are able to formalise al","gorithmic problems in the field of geographic information","systems as well as"
"to select and improve suitable appro","aches to solving these problems.",""
"Courses (type, number of weekly contact hour","s, language — if other than German)",""
"V (2) + Ü (2)","",""
"Method of assessment (type, scope, lang","uage — if other than German, examination offered — if not every semester, in","formation on whether"
"module is creditable for bonus)","",""
"written examination (approx. 60 to 1","20 minutes).",""
"If announced by the lecturer at the b","eginning of the course, the written examination may be re","placed by an oral"
"examination of one candidate each (","approx. 20 minutes) or an oral examination in groups of 2","candidates (ap-"
"prox. 15 minutes per candidate).","",""
"Language of assessment: German an","d/or English",""
"creditable for bonus","",""
"Allocation of places","",""
"--","",""
"Additional information","",""
"Focuses available for students of the","Master's programme Informatik (Computer Science, 120 E","CTS credits):"
"AT,IS,HCI","",""
"Workload","",""
"150 h","",""
"Teaching cycle","",""
"--","",""
"Referred to in LPO I  (examination regulati","ons for teaching-degree programmes)",""
"--","",""
"Module appears in","",""
"Master's degree (1 major) Computer","Science (2016)",""
"Master's degree (1 major) Mathemati","cs (2016)",""
"Master's degree (1 major) Computati","onal Mathematics (2016)",""
"Master's teaching degree Gymnasium","MINT Teacher Education PLUS, Elite Network Bavaria (EN","B) (2016)"
"Supplementary course MINT Teacher","Education PLUS, Elite Network Bavaria (ENB) (2016)",""
"Master's degree (1 major) Computer","Science (2017)",""
"Master's degree (1 major) Computer","Science (2018)",""
"Master's degree (1 major) Computati","onal Mathematics (2019)",""
"Master's degree (1 major) Mathemati","cs (2019)",""
"Master’s with 1 major Information Systems (2019)","JMU Würzburg • generated 11-Mai-2023 • exam. reg. da-","page 107 / 250"
