"","Module Catalogue for the Subject"
"","Information Systems"
"","Master’s with 1 major, 120 ECTS credits"
"Module title","Abbreviation"
"Stochastic Models for Risk Assessment","12-RM-RW-192-m01"
"Module coordinator","Module offered by"
"Dean of Studies Mathematik (Mathematics)","Faculty of Business Management and Economics"
"ECTS
Method of grading
Only after su","cc. compl. of module(s)"
"5
numerical grade
--",""
"Duration
Module level
Other prereq","uisites"
"1 semester
graduate
--",""
"Contents",""
"Etymological background of the risk concept Definiti","ons of risk Basic concepts and terminology of stochastic risk"
"modelling: risk phenomenon, risk object, risk variab","le, risk source, risk factor, risk cause, direct peril, indirect"
"peril, loss under risk, profit under risk, loss variable,","profit variable, risk distribution, risk indicator, risk parame-"
"ter Classification of business risks Risk policy, risk m","anagement Risk analysis: risk identification, risk descrip-"
"tion, risk exploration, risk-relevant measurements, r","isk evaluation, risk assessment, risk modelling Risk mana-"
"gement: risk minimisation, risk protection, risk avoi","dance, risk mitigation, bearing of risk, risk prevention Risk"
"control, risk monitoring Norms and standards of risk","management: ISO 31000, ONR 49000 -- 49004, IEC/ISO"
"31010, COSO II, AIRMIC, IRM, ALARM FMEA (Failure M","ode and Effect Analysis) as a tool of risk analysis and risk"
"assessment: historical and thematic background, m","ethodology, discussion of the FMEA assessment methodo-"
"logy Risk matrix, risk diagram Score diagram Stocha","stic risk parameters and risk measures as distribution para-"
"meters Probability distributions: Gaussian, Laplace,","Student's t, extreme value, logistic, exponential, Weibull,"
"gamma, negative Gaussian, Burr, hyperbolic, genera","lised hyperbolic Elementary stochastic risk measures: va-"
"riance, standard deviation, signal-to-noise ratio, coe","fficient of variation, Sharpe ratio, nonconformance probabi-"
"lity, expected shortfall, shortfall probability, risk par","ameters under reference values, Stone family Value at Risk"
"and Conditional Value at Risk: definition, formal rep","resentations, values under special probability distributions"
"Axioms of risk measures: distribution invariance, su","badditivity, superadditivity, additivity, comonotonous additi-"
"vity, nonnegative homogeneity, translation invarian","ce, convexity, continuity, coherence"
"Intended learning outcomes",""
"The student knows the schemes and concepts of ris","k analysis, risk assessment, risk measurement, and the"
"theoretical background. The student knows the conc","epts of advanced stochastic risk modeling. In a practical"
"business situation, the student is able to identify an","appropriate scheme of risk assessment and corresponding"
"meaningful risk measures.",""
"Courses (type, number of weekly contact hours, language — if othe","r than German)"
"V (2) + Ü (2)",""
"Method of assessment (type, scope, language — if other than","German, examination offered — if not every semester, information on whether"
"module is creditable for bonus)",""
"Written examination (approx. 60 minutes)",""
"Allocation of places",""
"30 places.",""
"Should the number of applications exceed the numb","er of available places, places will be allocated as follows:"
"(1) Master's students of Information Systems will be","given preferential consideration."
"(2) The remaining places will be allocated to studen","ts of other subjects."
"(3) When places are allocated in accordance with (1)","and (2) and the number of applications exceeds the number"
"of available places, places will be allocated by lot a","mong applicants from this group."
"Additional information",""
"--",""
"Workload",""
"150 h",""
