"","Module Catalogue for the Subject"
"","Information Systems"
"","Master’s with 1 major, 120 ECTS credits"
"Module title","Abbreviation"
"Human Resource Management and Industrial Relations","12-M-HRM-192-m01"
"Module coordinator","Module offered by"
"Holder of the Chair of Human Resource Management and","Faculty of Business Management and Economics"
"Organisation",""
"ECTS
Method of grading
Only after succ. co","mpl. of module(s)"
"5
numerical grade
--",""
"Duration
Module level
Other prerequisites",""
"1 semester
graduate
--",""
"Contents",""
"The lecture ""Human Resource Management and Industrial","Relations"" introduces advanced theories, estimation"
"techniques and empirical results from the areas of human r","esources management and institutional frameworks"
"such as ithe different actors in ndustrial relations.",""
"Syllabus",""
"Introduction: Human Resource Management & Industrial R","elationships"
"Chapter 1: The employment contract [formal model]",""
"Chapter 2: Motivation [formal model]",""
"Chapter 3: Employee resistance against reorganisations [e","mpirical study]"
"Chapter 4: The role of works councils [formal model]",""
"Chapter 5: Works councils and the employer wage structure","[empirical study]"
"Chapter 6: The behaviour of labour unions [formal model]",""
"Chapter7: Learning process of employers [formal model an","d empirical study]"
"Chapter8: Demographic challenges of HRM [formal model a","nd empirical study]"
"Intended learning outcomes",""
"The aim of the lectures is to enable students to understand","and apply advanced theories, estimation techniques"
"and empirical results in the area human resource managem","ent and industrial relations on the basis of scientifc"
"literature.",""
"Courses (type, number of weekly contact hours, language — if other than Ge","rman)"
"V (2) + Ü (2)",""
"Method of assessment (type, scope, language — if other than German,","examination offered — if not every semester, information on whether"
"module is creditable for bonus)",""
"a) Written examination (approx. 60 minutes) or",""
"b) Term paper (approx. 15 pages)",""
"Language of assessment: German and/or English",""
"Allocation of places",""
"There are no restrictions with regard to available places for","students of the Master's degree programmes Mana-"
"gement, International Economic Policy, Information System","s, Wirtschaftsmathematik (Mathematics for Econo-"
"mics) and Chinese and Economics as well as China Busine","ss and Economics. A total of 20 places will be alloca-"
"ted to students of other subjects; should the number of ap","plications exceed the number of available places, the-"
"se places will be allocated by lot.",""
