"","","","Information Systems"
"","","","Master’s with 1 major, 120 ECTS credits"
"","•","Systematically choose between different routes of action",""
"Co","ur","ses (type, number of weekly contact hours, language — if other than German)",""
"V","(2)","+ Ü (2)",""
"M","od","ule taught in: English",""
"M","eth","od of assessment (type, scope, language — if other than German, examination","offered — if not every semester, information on whether"
"mo","dul","e is creditable for bonus)",""
"a)","wr","itten examination (approx. 60 to 120 minutes) or b) term paper (","15 to 20 pages) or c) oral examination of"
"on","e c","andicate each (approx. 10 to 15 minutes) or oral examination in","groups (groups of 2 approx. 20 minutes,"
"gr","ou","ps of 3 approx. 30 minutes)",""
"La","ng","uage of assessment: English",""
"Al","loc","ation of places",""
"--","","",""
"A","ddi","tional information",""
"--","","",""
"W","ork","load",""
"15","0 h","",""
"Te","ac","hing cycle",""
"--","","",""
"Re","fer","red to in LPO I  (examination regulations for teaching-degree programmes)",""
"--","","",""
"M","od","ule appears in",""
"M","ast","er's degree (1 major) Management (2018)",""
"M","ast","er's degree (1 major) International Economic Policy (2018)",""
"M","ast","er's degree (1 major) China Business and Economics (2019)",""
"M","ast","er's degree (1 major) China Language and Economy (2019)",""
"M","ast","er's degree (1 major) Information Systems (2019)",""
"M","ast","er's degree (1 major) China Business and Economics (2021)",""
"M","ast","er's degree (1 major) China Language and Economy (2021)",""
"M","ast","er's degree (1 major) Economathematics (2021)",""
"M","ast","er's degree (1 major) Information Systems (2022)",""
"M","ast","er's degree (1 major) International Economic Policy (2022)",""
"M","ast","er's degree (1 major) Management (2022)",""
"M","ast","er's degree (1 major) Economathematics (2022)",""
"ex","ch","ange program Business Management and Economics (2022)",""
