"","Module Catalogue for the Subject"
"","Information Systems"
"","Master’s with 1 major, 120 ECTS credits"
"Module title","Abbreviation"
"Work and Information","12-ITA-161-m01"
"Module coordinator","Module offered by"
"holder of the Chair of Business Management and Business","Faculty of Business Management and Economics"
"Information Systems",""
"ECTS
Method of grading
Only after succ. com","pl. of module(s)"
"5
numerical grade
--",""
"Duration
Module level
Other prerequisites",""
"1 semester
graduate
--",""
"Contents",""
"This module discusses relevant principles, concepts and ap","plications of business information processing and its"
"impact on organisational and process structures in today's","business world."
"Intended learning outcomes",""
"The expertise gained from other modules related to busines","s management issues can be interpreted and clas-"
"sified in a certain way by participating in this module. For de","cisions in regards to human resources planning, in-"
"vestment, and a company's strategy, the students will get to","know all the relevant concepts and interdependen-"
"cies, which come with taking information processing into ac","count as the so called ""fourth"" factor of production."
"Courses (type, number of weekly contact hours, language — if other than Ger","man)"
"V (2)",""
"Method of assessment (type, scope, language — if other than German, e","xamination offered — if not every semester, information on whether"
"module is creditable for bonus)",""
"a) written examination (approx. 60 minutes) or b) oral exam","ination (one candidate each: approx. 15 to 20 minu-"
"tes; groups of 2: approx. 20 minutes; groups of 3: approx. 3","0 minutes)"
"Language of assessment: German and/or English",""
"Allocation of places",""
"--",""
"Additional information",""
"--",""
"Workload",""
"150 h",""
"Teaching cycle",""
"--",""
"Referred to in LPO I  (examination regulations for teaching-degree progra","mmes)"
"--",""
"Module appears in",""
"Master's degree (1 major) Economathematics (2016)",""
"Master's degree (1 major) Business Information Systems (20","16)"
"Master's degree (1 major) Business Management (2015)",""
"Master's degree (1 major) China Business and Economics (2","016)"
"Master's degree (1 major) International Economic Policy (20","15)"
"Master's degree (1 major) China Language and Economy (20","16)"
"Master's degree (1 major) Information Systems (2019)",""
"Master's degree (1 major) Information Systems (2022)",""
