"","Module Catalo","gue for the Subject"
"","Inf","ormation Systems"
"","Master’s with 1 majo","r, 120 ECTS credits"
"Module title","Abbreviation",""
"Policy Evaluation Methods","12-M-PEM-182","-m01"
"Module coordinator","Module offered by",""
"Holder of the Chair of Labor Economi","cs
Faculty of Business Management","and Economics"
"ECTS
Method of grading","Only after succ. compl. of module(s)",""
"5
numerical grade","--",""
"Duration
Module level","Other prerequisites",""
"1 semester
graduate","--",""
"Contents","",""
"This course offers an introduction to","the fundamentals of causal inference and to widely used r","esearch desi-"
"gns in the social sciences. In the first","part a framework for understanding causality is introduce","d. Specifically,"
"the epistemological differences betw","een association, intervention and counterfactuals are exp","lained. Then it is"
"shown why experiments are paramou","nt in generating causal knowledge and which assumptio","ns are needed for"
"which level of the causal hierarchy. F","inally, we will discuss two widely used approaches to cau","sality in the social"
"sciences, i.e. potential outcomes an","d directed acyclic graphs.",""
"The second part is devoted to the res","earch designs regressions analysis, difference-in-differen","ces, instrumen-"
"tal variables, and regression disconti","nuity. The emphasis is how these research designs are fo","r example applied"
"to answer important questions in lab","our economics such as the effects of a minimum wage inc","rease on employ-"
"ment or the effect of children on fem","ale labour supply and wages.",""
"The assumptions each research desi","gn requires in order to identify a causal effect will be at ce","nter stage of the"
"lecture. Therefore the emphasis is to","teach students what one needs to estimate in order to an","swer a given que-"
"stion. Further, the research designs a","re discussed such that students will be able to evaluate a","nd apply these re-"
"search designs to other questions an","d fields.",""
"Intended learning outcomes","",""
"At the end of the course, students sh","ould be able to understand basic concepts and methods","of causal infe-"
"rence, as well as read, interpret, and","assess the credibility of scientific publications. In additio","n, the course ser-"
"ves as preparation for advanced stat","istics and econometrics courses.",""
"Courses (type, number of weekly contact hour","s, language — if other than German)",""
"V (2) + Ü (2)","",""
"Module taught in: English","",""
"Method of assessment (type, scope, lang","uage — if other than German, examination offered — if not every semester, in","formation on whether"
"module is creditable for bonus)","",""
"a) written examination (approx. 60 m","inutes) or b) term paper (approx. 15 pages)",""
"Language of assessment: English","",""
"creditable for bonus","",""
"Allocation of places","",""
"--","",""
"Additional information","",""
"Research track module in Master's pr","ogramme IEP",""
"Workload","",""
"150 h","",""
"Teaching cycle","",""
"--","",""
"Referred to in LPO I  (examination regulati","ons for teaching-degree programmes)",""
"--","",""
"Module appears in","",""
"Master’s with 1 major Information Systems (2019)","JMU Würzburg • generated 11-Mai-2023 • exam. reg. da-","page 237 / 250"
