"","Module Catalogue for the Subject"
"","Information Systems"
"","Master’s with 1 major, 120 ECTS credits"
"Module title","Abbreviation"
"Tax Accounting","12-M-STB-161-m01"
"Module coordinator","Module offered by"
"Holder of the Chair of Business Taxation","Faculty of Business Management and Economics"
"ECTS
Method of grading
Only after","succ. compl. of module(s)"
"5
numerical grade
--",""
"Duration
Module level
Other prer","equisites"
"1 semester
graduate
--",""
"Contents",""
"This module introduces the various methods of inc","ome recognition in the German Income Tax Code (Einkommen-"
"steuergesetz, EStG). It discusses the main reportin","g and valuation provisions as well as the specific problems"
"and techniques of income calculation for partners","hips."
"Intended learning outcomes",""
"Students have in-depth knowledge of tax accounti","ng of companies and are able to solve moderate to complex"
"problems of tax accounting in particular of sole pr","oprietorships and partnerships using legal source."
"Courses (type, number of weekly contact hours, language — if ot","her than German)"
"V (2) + Ü (2)",""
"Method of assessment (type, scope, language — if other th","an German, examination offered — if not every semester, information on whether"
"module is creditable for bonus)",""
"a) written examination (approx. 60 minutes) or b) t","erm paper (approx. 15 pages) or c) oral examination of one"
"candidate each (approx. 20 minutes)",""
"Language of assessment: German and/or English",""
"creditable for bonus",""
"Allocation of places",""
"--",""
"Additional information",""
"--",""
"Workload",""
"150 h",""
"Teaching cycle",""
"--",""
"Referred to in LPO I  (examination regulations for teaching-d","egree programmes)"
"--",""
"Module appears in",""
"Master's degree (1 major) Economathematics (201","6)"
"Master's degree (1 major) Business Information Sy","stems (2016)"
"Master's degree (1 major) Business Management (","2015)"
"Master's degree (1 major) China Business and Eco","nomics (2016)"
"Master's degree (1 major) International Economic","Policy (2015)"
"Master's degree (1 major) China Language and Eco","nomy (2016)"
"Master's degree (1 major) Management (2018)",""
"Master's degree (1 major) China Business and Eco","nomics (2019)"
"Master's degree (1 major) China Language and Eco","nomy (2019)"
"Master's degree (1 major) Information Systems (20","19)"
"Master's degree (1 major) China Business and Eco","nomics (2021)"
"Master's degree (1 major) China Language and Eco","nomy (2021)"
