"","Module Catalogue for the Subject"
"","Information Systems"
"","Master’s with 1 major, 120 ECTS credits"
"Module title","Abbreviation"
"Strategic Decisions and Competition","12-M-SDC-182-m01"
"Module coordinator","Module offered by"
"Holder of the Chair of Industrial Economics","Faculty of Business Management and Economics"
"ECTS
Method of grading
Only after s","ucc. compl. of module(s)"
"5
numerical grade
--",""
"Duration
Module level
Other prere","quisites"
"1 semester
graduate
--",""
"Contents",""
"1. Strategic situations and decision making",""
"2. Analyzing strategic situations with game theory",""
"1. Noncooperative simultaneous move games",""
"2. Nash equilibrium",""
"3. Models of oligopoly markets",""
"3. Dynamic Games",""
"1. Two(-multi) stage games and subgame perfect eq","uilibrium"
"2. Role of commitment in dynamic situations",""
"3. Models of advertising",""
"4. Wage bargaining and unions",""
"4. Repeated Games",""
"1. Emergence of coordination in long interactions",""
"2. Collusion between competing firms",""
"3. Time consistent monetary policy",""
"5. Static games of incomplete Information",""
"1. Bayesian Nash equilibrium",""
"2. Auctions",""
"6. Dynamic games of incomplete information",""
"1. Moral hazard and nonlinear pricing",""
"2. Perfect Bayesian equilibrium",""
"3. Signalling games",""
"4. Job-market signalling",""
"5. Corporate investment and capital structure",""
"Intended learning outcomes",""
"After successful completion of this class, the stude","nts should be familiar with economic models that can be"
"used to shape managerial strategy and aid in makin","g decisions in strategic situations. Especially, by making use"
"of simple two stage games, they should be able to f","ormulate dynamic policies in a wide variety of strategic situa-"
"tions. The students will acquire an intuitive underst","anding of the underlying economic mechanisms which emer-"
"ge from the analysis of game theoretic models for a","wide variety of strategic situations arising in industrial eco-"
"nomics, marketing, organization, finance, trade and","labor. Moreover, they will acquire skills which enable them"
"to make predictions in strategic situations by makin","g use of simple mathematical models. By means of comple-"
"ting case based exercises, they will learn to transfor","m real life business situations to an appropriate economic"
"model. Based on an analysis of this model, they wil","l be able to devise optimal strategies and derive the corre-"
"sponding managerial implications.",""
