"","Module Catalogue for the Subject"
"","Information Systems"
"","Master’s with 1 major, 120 ECTS credits"
"Module title","Abbreviation"
"Computer Vision","10-xtAI=CV-202-m01"
"Module coordinator","Module offered by"
"Dean of Studies Informatik (Computer Science)","Institute of Computer Science"
"ECTS
Method of grading
Only after suc","c. compl. of module(s)"
"5
numerical grade
--",""
"Duration
Module level
Other prerequ","isites"
"1 semester
graduate
--",""
"Contents",""
"The lecture provides knowledge about current method","s and algorithms in the field of computer vision. Important"
"basics as well as the most recent approaches to imag","e representation, image processing and image analysis are"
"taught. Actual models and methods of machine learni","ng as well as their technical backgrounds are presented"
"and their respective applications in image processing","are shown."
"Intended learning outcomes",""
"Students have fundamental knowledge of problems a","nd techniques in the field of computer vision and are able"
"to independently identify and apply suitable methods","for concrete problems."
"Courses (type, number of weekly contact hours, language — if other t","han German)"
"V (2) + Ü (2)",""
"Module taught in: English",""
"Method of assessment (type, scope, language — if other than G","erman, examination offered — if not every semester, information on whether"
"module is creditable for bonus)",""
"Written examination (approx. 60 to 120 minutes)",""
"If announced by the lecturer at the beginning of the co","urse, the written examination may be replaced by an oral"
"examination of one candidate each (approx. 20 minut","es) or an oral examination in groups of 2 candidates (ap-"
"prox. 15 minutes per candidate).",""
"Language of assessment: English",""
"Creditable for bonus",""
"Allocation of places",""
"--",""
"Additional information",""
"--",""
"Workload",""
"150 h",""
"Teaching cycle",""
"--",""
"Referred to in LPO I  (examination regulations for teaching-degre","e programmes)"
"--",""
"Module appears in",""
"Master's degree (1 major) Information Systems (2019)",""
"Master's degree (1 major) eXtended Artificial Intelligen","ce (xtAI) (2020)"
"Master's degree (1 major) Computer Science (2021)",""
"Master's degree (1 major) Information Systems (2022)",""
"Master's degree (1 major) Computer Science (2023)",""
"Master's degree (1 major) Aerospace Computer Scienc","e (2023)"
