"tic","ip","ants gain an insight into the architecture of the ByDesign platform and are presented with an opportunity to"
"ga","in","practical experience working with the corresponding software development kit."
"C
o","nt","ent:"
"","•","Fundamentals of cloud computing"
"","•","Cloud business solutions"
"","•","Architecture of the SAP Business ByDesign platform"
"","•","Platform adaption and extensibility"
"","•","Basics of software development in SAP Cloud Applications Studio"
"","•","Hands-on SDK: independently designing and developing a demo app"
"In","ten","ded learning outcomes"
