"","Module Catalogue for the Subject"
"","Information Systems"
"","Master’s with 1 major, 120 ECTS credits"
"Module title","Abbreviation"
"Managerial Practice Lectures","12-M-VGP-202-m01"
"Module coordinator","Module offered by"
"Holder of the Professorship of Economic Journalism","Faculty of Business Management and Economics"
"ECTS
Method of grading
Only after succ.","compl. of module(s)"
"5
numerical grade
--",""
"Duration
Module level
Other prerequis","ites"
"1 semester
graduate
--",""
"Contents",""
"In this lecture, we invite board members of publicly liste","d companies, SMEs and Startups to discuss contempo-"
"rary challenges of corporate management.",""
"Students gain sustainable insights into current manage","ment practices, challenges of corporate management in"
"various industries, and discuss pressing managerial iss","ues with C-level executives. In individual and group as-"
"signments, students are required to connect manageme","nt theories with the managerial challenges of the spea-"
"kers.",""
"Managers of the different companies are required to ad","dress the following questions that will foster a detailed"
"discussion at the end of each lecture:",""
"- What are the current challenges facing your company?",""
"- Which strategies do you employ to respond to these ch","allenges?"
"- How have leadership concepts and approaches chang","ed in your company?"
"Intended learning outcomes",""
"After participating in this module, students should be a","ble to combine theoretical approaches with current chal-"
"lenges in management. The students obtain a realistic i","nsight into a cross-section of the German economy."
"Through discussions reports and group presentations st","udents’ social skills are trained in addition to professio-"
"nal skills.",""
"Courses (type, number of weekly contact hours, language — if other tha","n German)"
"S (2)",""
"Method of assessment (type, scope, language — if other than Germ","an, examination offered — if not every semester, information on whether"
"module is creditable for bonus)",""
"portfolio (approx. 15 pages)",""
"Language of assessment: German and/or English",""
"Allocation of places",""
"--",""
"Additional information",""
"--",""
"Workload",""
"150 h",""
"Teaching cycle",""
"--",""
"Referred to in LPO I  (examination regulations for teaching-degree p","rogrammes)"
"--",""
"Module appears in",""
"Master's degree (1 major) Business Information Systems","(2016)"
