"The subject is divided into","",""
"","","starting"
"section / sub-section","ECTS credit","s"
"","","page"
"Compulsory Courses","25","9"
"Compulsory Electives I: Fundamentals Computer Science","10","15"
"Compulsory Electives II: Tracks","40","41"
"Track 1: Enterprise Systems","20","42"
"Track 2: Business Analytics","20","49"
"Track 3: Electronic Business","20","56"
"Track 4: Global Operations and Information Management","20","63"
"Track 5: Operations Management","20","70"
"Compulsory Electives III: Electives","15","76"
"Thesis","30","249"
