"","Module Catalog","ue for the Subject"
"","Inf","ormation Systems"
"","Master’s with 1 majo","r, 120 ECTS credits"
"Module title","Abbreviation",""
"Strategic Managerial Accounting","12-M-INST-182","-m01"
"Module coordinator","Module offered by",""
"Holder of the Chair of Business Mana","gement, Management 
Faculty of Business Management","and Economics"
"Accounting and Control","",""
"ECTS
Method of grading","Only after succ. compl. of module(s)",""
"5
numerical grade","--",""
"Duration
Module level","Other prerequisites",""
"1 semester
graduate","--",""
"Contents","",""
"The module focuses on accounting in","struments, which are applied in the context of strategic m","anagement of"
"enterprises. First, it addresses impor","tant drivers of strategic decisions from a microeconomic p","erspective, such"
"as the emergence of cost and quality","advantages in competition as well as scale and experien","ce curve effects."
"Second, the module covers analytica","l and heuristic techniques of planning and control. In the","context of these"
"techniques, instruments of target co","sting, life cycle cost analysis, benchmarking and business","wargaming are"
"discussed with regard to their theore","tical foundation and fields of application.",""
"Intended learning outcomes","",""
"Initially, knowledge about fundamen","tal requirements concerning instruments of decision-maki","ng and behavior"
"control within enterprises is acquired",". What is more, the module conveys obtaining knowledge","about the strengt-"
"hs and weaknesses and therewith fie","lds of application and limits of prevalent instruments of s","trategic corporate"
"management used by practitioners.","",""
"Courses (type, number of weekly contact hour","s, language — if other than German)",""
"V (2) + Ü (2)","",""
"Method of assessment (type, scope, lang","uage — if other than German, examination offered — if not every semester, in","formation on whether"
"module is creditable for bonus)","",""
"a) written examination (approx. 60 m","inutes) or b) term paper (approx. 15 pages)",""
"Language of assessment: German an","d/or English",""
"creditable for bonus","",""
"Allocation of places","",""
"--","",""
"Additional information","",""
"--","",""
"Workload","",""
"150 h","",""
"Teaching cycle","",""
"--","",""
"Referred to in LPO I  (examination regulati","ons for teaching-degree programmes)",""
"--","",""
"Module appears in","",""
"Master's degree (1 major) Manageme","nt (2018)",""
"Master's degree (1 major) Internation","al Economic Policy (2018)",""
"Master's degree (1 major) China Busi","ness and Economics (2019)",""
"Master's degree (1 major) China Lang","uage and Economy (2019)",""
"Master's degree (1 major) Informatio","n Systems (2019)",""
"Master's degree (1 major) China Busi","ness and Economics (2021)",""
"Master's degree (1 major) China Lang","uage and Economy (2021)",""
"Master's degree (1 major) Economath","ematics (2021)",""
"Master’s with 1 major Information Systems (2019)","JMU Würzburg • generated 11-Mai-2023 • exam. reg. da-","page 175 / 250"
