"","Module Catalogue for the Subject"
"","Information Systems"
"","Master’s with 1 major, 120 ECTS credits"
"Module title","Abbreviation"
"Business Software 1: IS-based Enterprise Management","12-GPU-192-m01"
"Module coordinator","Module offered by"
"Holder of the Chair of Business Management and Business","Faculty of Business Management and Economics"
"Information Systems",""
"ECTS
Method of grading
Only after succ. com","pl. of module(s)"
"5
numerical grade
--",""
"Duration
Module level
Other prerequisites",""
"1 semester
graduate
--",""
"Contents",""
"Content:",""
"This module provides students with an overview of the struc","ture of a business information system (SAP Business"
"ByDesign) in depth.",""
"Outline of syllabus:",""
"1. Integrated information systems: integration, standard soft","ware, system architecture"
"2. Working with standard business software",""
"3. Consulting in integrated information systems: project ma","nagement, project organisation, presentation skills"
"Description:",""
"The lecture will be accompanied by an exercise that will pre","sent students with an opportunity to access, in small"
"groups, the enterprise resource planning system operated b","y the Chair in its ERP laboratory and to work with the"
"software, dealing with a wide variety of business processes.",""
"If you would like to register for this course, please submit an","application to the consultants (cover letter, CV, cer-"
"tificates; please also specify your degree programme and st","udent ID number)."
"Intended learning outcomes",""
"After completing the course ""Business Software 1"", students","will be able to"
"(i) understand an ERP system in its depth;",""
"(ii) understand the interaction of business processes;",""
"(iii) execute business tasks and processes in an ERP system","independently (after participation in the practice"
"lessons).",""
"Courses (type, number of weekly contact hours, language — if other than Ger","man)"
"V (2) + Ü (2)",""
"Method of assessment (type, scope, language — if other than German, e","xamination offered — if not every semester, information on whether"
"module is creditable for bonus)",""
"a) Written examination (approx. 60 minutes) or",""
"b) oral examination (one candidate each: approx. 10 to 15 m","inutes, groups of 2: approx. 20 minutes, groups of 3:"
"approx. 30 minutes) or",""
"c) Term paper (15 to 20 pages) or",""
"Creditable for bonus",""
"Language of assessment: German and/or English",""
"Assessment offered: Once a year, winter semester",""
"Allocation of places",""
"20 places.",""
"Should the number of applications exceed the number of av","ailable places, places will be allocated as follows:"
"(1) Master's students of Information Systems will be given p","referential consideration."
"(2) The remaining places will be allocated to students of oth","er subjects."
"(3) When places are allocated in accordance with (1) and (2)","and the number of applications exceeds the number"
"of available places, places will be allocated by lot among ap","plicants from this group."
"Additional information",""
"--",""
