"","Module Catalogue for the Subject"
"","Information Systems"
"","Master’s with 1 major, 120 ECTS credits"
"Module title","Abbreviation"
"Databases 2","10-I=DB2-161-m01"
"Module coordinator","Module offered by"
"Dean of Studies Informatik (Computer Science)","Institute of Computer Science"
"ECTS
Method of grading
Only after suc","c. compl. of module(s)"
"5
numerical grade
--",""
"Duration
Module level
Other prerequ","isites"
"1 semester
graduate
--",""
"Contents",""
"Data warehouses and data mining; web databases; in","troduction to Datalog."
"Intended learning outcomes",""
"The students have advanced knowledge about relatio","nal databases, XML and data mining."
"Courses (type, number of weekly contact hours, language — if other t","han German)"
"V (2) + Ü (2)",""
"Method of assessment (type, scope, language — if other than G","erman, examination offered — if not every semester, information on whether"
"module is creditable for bonus)",""
"written examination (approx. 60 to 120 minutes).",""
"If announced by the lecturer at the beginning of the co","urse, the written examination may be replaced by an oral"
"examination of one candidate each (approx. 20 minut","es) or an oral examination in groups of 2 candidates (ap-"
"prox. 15 minutes per candidate).",""
"Language of assessment: German and/or English",""
"creditable for bonus",""
"Allocation of places",""
"--",""
"Additional information",""
"Focuses available for students of the Master's progra","mme Informatik (Computer Science, 120 ECTS credits): SE,"
"IS, HCI.",""
"Workload",""
"150 h",""
"Teaching cycle",""
"--",""
"Referred to in LPO I  (examination regulations for teaching-degre","e programmes)"
"--",""
"Module appears in",""
"Master's degree (1 major) Computer Science (2016)",""
"Master's degree (1 major) Business Information Syste","ms (2016)"
"Master's degree (1 major) Computer Science (2017)",""
"Master's degree (1 major) Computer Science (2018)",""
"Master's degree (1 major) Information Systems (2019)",""
"Master's teaching degree Gymnasium MINT Teacher E","ducation PLUS, Elite Network Bavaria (ENB) (2020)"
"Supplementary course MINT Teacher Education PLUS,","Elite Network Bavaria (ENB) (2020)"
"Master's degree (1 major) Aerospace Computer Scienc","e (2020)"
"Master's degree (1 major) eXtended Artificial Intelligen","ce (xtAI) (2020)"
