"netw","orks and deep learning, is given."
"Inten","ded learning outcomes"
"The","module provides students with knowledge of:"
"•","Data Manipulation"
"•","Data Engineering"
"•","Descriptive Analytics"
"•","Predictive Analytics and Data Mining"
"•","Supervised Learning"
"•","Unsupervised Learning"
"•","Neural Networks and Deep Learning"
"•","Text Mining"
"•","Big Data Technologies"
"Cour","ses (type, number of weekly contact hours, language — if other than German)"
