"","Module Catalog","ue for the Subject"
"","Inf","ormation Systems"
"","Master’s with 1 majo","r, 120 ECTS credits"
"Module title","Abbreviation",""
"Accounting and Capital Markets","12-M-REKA-18","2-m01"
"Module coordinator","Module offered by",""
"Holder of the Chair of Business Mana","gement, Management 
Faculty of Business Management","and Economics"
"Accounting and Control","",""
"ECTS
Method of grading","Only after succ. compl. of module(s)",""
"5
numerical grade","--",""
"Duration
Module level","Other prerequisites",""
"1 semester
graduate","--",""
"Contents","",""
"The module focuses on financial and","management accounting, their functions, possible config","urations as well"
"as their impact on internal and exter","nal recipients under consideration of the institutional setti","ng. In this con-"
"text, an economic perspective has pr","iority over detailed legal arrangements and regulations by","the standard set-"
"ters. Based on the theoretical founda","tions of information economics as well as decision-makin","g and balance"
"sheet theories, typical issues concer","ning cost and managerial accounting as well as financial a","ccounting and pu-"
"blicity are discussed.","",""
"Intended learning outcomes","",""
"Initially, a fundamental knowledge a","bout the conception and impact of management and finan","cial accounting"
"as information systems is acquired. I","n the following, the module mainly sharpens the understa","nding of the eco-"
"nomic impacts of the configuration o","f management and financial accounting. What is more, ex","tensive knowled-"
"ge about possible impacts of change","s in institutional general frameworks is covered. For exam","ple, changes in"
"valuation standards, publicity rules o","r regulations about the distribution of profits in enterpris","es and on capital"
"markets are considered.","",""
"Courses (type, number of weekly contact hour","s, language — if other than German)",""
"V (2) + Ü (2)","",""
"Method of assessment (type, scope, lang","uage — if other than German, examination offered — if not every semester, in","formation on whether"
"module is creditable for bonus)","",""
"a) written examination (approx. 60 m","inutes) or b) term paper (approx. 15 pages)",""
"Language of assessment: German an","d/or English",""
"creditable for bonus","",""
"Allocation of places","",""
"--","",""
"Additional information","",""
"--","",""
"Workload","",""
"150 h","",""
"Teaching cycle","",""
"--","",""
"Referred to in LPO I  (examination regulati","ons for teaching-degree programmes)",""
"--","",""
"Module appears in","",""
"Master's degree (1 major) Manageme","nt (2018)",""
"Master's degree (1 major) Internation","al Economic Policy (2018)",""
"Master's degree (1 major) China Busi","ness and Economics (2019)",""
"Master's degree (1 major) China Lang","uage and Economy (2019)",""
"Master's degree (1 major) Informatio","n Systems (2019)",""
"Master's degree (1 major) China Busi","ness and Economics (2021)",""
"Master’s with 1 major Information Systems (2019)","JMU Würzburg • generated 11-Mai-2023 • exam. reg. da-","page 181 / 250"
