"","","Module Catalogue for the Subject"
"","","Information Systems"
"","","Master’s with 1 major, 120 ECTS credits"
"Module title","","Abbreviation"
"Topics in Empirical Economics","","12-M-TE-231-m01"
"Module coordinator","","Module offered by"
"--","","Faculty of Business Management and Economics"
"ECTS
Method of grading","Only after succ. com","pl. of module(s)"
"5
numerical grade","--",""
"Duration
Module level","Other prerequisites",""
"1 semester
--","--",""
"Contents","",""
"--","",""
"Intended learning outcomes","",""
"--","",""
"Courses (type, number of weekly contact ho","urs, language — if other than Ger","man)"
"V (2) + Ü (2)","",""
"Module taught in: English","",""
"Method of assessment (type, scope, la","nguage — if other than German, e","xamination offered — if not every semester, information on whether"
"module is creditable for bonus)","",""
"portfolio (approx. 50 hours)","",""
"Prüfungssprache: Englisch","",""
"Creditable for bonus","",""
"Allocation of places","",""
"12 *WA1(1) Should the number of a","pplications exceed the n","umber of available places, places will be allocated by"
"lot among all applicants irrespectiv","e of their subjects.",""
"(2) Places on all courses of the mo","dule with a restricted num","ber of places will be allocated in the same procedu-"
"re.","",""
"(3) A waiting list will be maintained","and places re-allocated","by lot as they become available."
"Additional information","",""
"--","",""
"Workload","",""
"150 h","",""
"Teaching cycle","",""
"--","",""
"Referred to in LPO I  (examination regul","ations for teaching-degree progra","mmes)"
"--","",""
"Module appears in","",""
"Master's degree (1 major) Managem","ent (2018)",""
"Master's degree (1 major) Internati","onal Economic Policy (20","18)"
"Master's degree (1 major) Informati","on Systems (2019)",""
"Master's degree (1 major) Informati","on Systems (2022)",""
"Master's degree (1 major) Internati","onal Economic Policy (20","22)"
"Master's degree (1 major) Managem","ent (2022)",""
