"","","Module Catalogue for the Subject"
"","","Information Systems"
"","","Master’s with 1 major, 120 ECTS credits"
"Module title","","Abbreviation"
"Machine Learning for Networks 1","","10-I=MLN1-232-m01"
"Module coordinator","","Module offered by"
"--","","Institute of Computer Science"
"ECTS
Method of grading","Only after succ. com","pl. of module(s)"
"5
numerical grade","--",""
"Duration
Module level","Other prerequisites",""
"1 semester
--","--",""
"Contents","",""
"--","",""
"Intended learning outcomes","",""
"--","",""
"Courses (type, number of weekly contact hour","s, language — if other than Ger","man)"
"V (2) + Ü (2)","",""
"Module taught in: English","",""
"Method of assessment (type, scope, lan","guage — if other than German, e","xamination offered — if not every semester, information on whether"
"module is creditable for bonus)","",""
"written examination (approx. 60 to 1","20 minutes)",""
"If announced by the lecturer at the b","eginning of the course,","the written examination may be replaced by an oral"
"examination of one candidate each (","approx. 20 minutes) or","an oral examination in groups of 2 candidates (ap-"
"prox. 15 minutes per candidate).","",""
"Language of assessment: English","",""
"creditable for bonus","",""
"Allocation of places","",""
"--","",""
"Additional information","",""
"Focuses available for students of the","Master's programme In","formatik (Computer Science, 120 ECTS credits):"
"AT,IT,SE,KI,HCI,IN","",""
"Workload","",""
"150 h","",""
"Teaching cycle","",""
"--","",""
"Referred to in LPO I  (examination regulati","ons for teaching-degree progra","mmes)"
"--","",""
"Module appears in","",""
"Master's degree (1 major) Informatio","n Systems (2019)",""
"Master's degree (1 major) Informatio","n Systems (2022)",""
"Master's degree (1 major) Computer","Science (2023)",""
