"","Module Catalogue for the Subject"
"","Information Systems"
"","Master’s with 1 major, 120 ECTS credits"
"Module title","Abbreviation"
"Topics in Business Information Systems 1","12-M-ATW1-161-m01"
"Module coordinator","Module offered by"
"Holder of the Chair of Business Management and Business","Faculty of Business Management and Economics"
"Information Systems",""
"ECTS
Method of grading
Only after succ. com","pl. of module(s)"
"5
numerical grade
--",""
"Duration
Module level
Other prerequisites",""
"1 semester
graduate
--",""
"Contents",""
"This course is a dummy module, e. g. for courses in the area","of business informatics taken abroad."
"Intended learning outcomes",""
"The competences depend on the individual module, which h","as been taken to transfer these credits to the Univer-"
"sity of Wuerzburg.",""
"Courses (type, number of weekly contact hours, language — if other than Ger","man)"
"V (2) + Ü (2)",""
"Course type: alternatively S instead of V + Ü",""
"Method of assessment (type, scope, language — if other than German, e","xamination offered — if not every semester, information on whether"
"module is creditable for bonus)",""
"a) written examination (approx. 60 minutes) or b) presentati","on (15 to 20 minutes) and written elaboration (ap-"
"prox. 20 pages), weighted 1:2 or c) oral examination (one ca","ndidate each: approx. 10 to 15 minutes; groups of 2:"
"approx. 20 minutes; groups of 3: approx. 30 minutes)",""
"Language of assessment: German and/or English",""
"creditable for bonus",""
"Allocation of places",""
"--",""
"Additional information",""
"--",""
"Workload",""
"150 h",""
"Teaching cycle",""
"--",""
"Referred to in LPO I  (examination regulations for teaching-degree progra","mmes)"
"--",""
"Module appears in",""
"Master's degree (1 major) Business Information Systems (20","16)"
"Master's degree (1 major) Business Management (2015)",""
"Master's degree (1 major) China Business and Economics (2","016)"
"Master's degree (1 major) China Language and Economy (20","16)"
"Master's degree (1 major) Management (2018)",""
"Master's degree (1 major) International Economic Policy (20","18)"
"Master's degree (1 major) China Business and Economics (2","019)"
"Master's degree (1 major) China Language and Economy (20","19)"
"Master's degree (1 major) Information Systems (2019)",""
"Master's degree (1 major) China Business and Economics (2","021)"
"Master's degree (1 major) China Language and Economy (20","21)"
