"Module Catalo","gue for the Subject"
"In","formation Systems"
"Master’s with 1 maj","or, 120 ECTS credits"
"Work and Information","85"
"Work Order Planning for Automated Manufacturing","86"
"Topics in Business Information Systems 1","87"
"Topics in Business Information Systems 2","89"
"Information systems research","91"
"Databases 2","92"
"Compiler Construction","93"
"Information Retrieval","95"
"Artificial Intelligence 1","97"
"Artificial Intelligence 2","99"
"E-Learning","101"
"Analysis and Design of Programs","103"
"Professional Project Management","105"
"Algorithms for Geographic Information Systems","107"
"Real-Time Interactive Systems","109"
"Logic Programming","111"
"Machine Learning for Natural Language Processing","112"
"Medical Informatics","114"
"Performance Engineering & Benchmarking of Computer Systems","116"
"Programming with neural nets","118"
"Robotics  1","119"
"Security of Software Systems","120"
"Discrete Event Simulation","122"
"Software Architecture","124"
"NLP and Text Mining","126"
"Project - Current Topics in Computer Science","128"
"International Marketing","129"
"Brand Management & Market Research","131"
"Strategic Networks in Industry","133"
"Strategic Marketing","135"
"Industrial Management 4","137"
"Industrial Management 2","139"
"Industrial Management 1","141"
"Industrial Management 3","143"
"Legal Foundations of Risk Management and Compliance","145"
"Financial Statement Analysis and Business Valuation","147"
"Philosophy of Science and Ethics in Business Management and Economics","149"
"Risk Management - Concepts and Systems","150"
"Discounted Cashflow","152"
"Portfolio and Capital Market Theory","154"
"Risk Management and Corporate Finance","156"
"Risk measurement and risk valuation: Concepts and applications for banks","158"
"Economics of Tax Planning","160"
"Tax Accounting","162"
"Incentives in Organizations","164"
"Human Resource Management and Industrial Relations","166"
"Advanced Seminar: Entrepreneurship and Management","168"
"Corporate Strategy","170"
"Change Management","172"
"Managerial Accounting in the Company Management","174"
"Strategic Managerial Accounting","175"
"Coordination, Budgeting and Incentives in Organizations","177"
"Project Management and Control","179"
"Accounting and Capital Markets","181"
"Managerial Analytics & Decision Making","183"
"Strategic Management of Global Supply Chains","185"
"Strategic Decisions and Competition","187"
