"","","Module Catalogue for the Subject"
"","","Information Systems"
"","","Master’s with 1 major, 120 ECTS credits"
"Module title","","Abbreviation"
"Econometrics 1","","12-M-OE1-182-m01"
"Module coordinator","","Module offered by"
"Holder of the Chair of Econometrics","","Faculty of Business Management and Economics"
"ECTS
Method of grading","Only after succ. com","pl. of module(s)"
"5
numerical grade","--",""
"Duration
Module level","Other prerequisites",""
"1 semester
graduate","--",""
"Contents","",""
"Description:","",""
"This module deals with the basic con","cept and methodology","of the ordinary least squares (OLS) regression mo-"
"del. In particular, model assumptions","and properties are dis","cussed and formally motivated. In addition, the mo-"
"dule examines linear restrictions on t","he model's explanator","y variables as well as dummy variables and introdu-"
"ces tests to verify simple and multiple","linear restrictions.",""
