"","Module Catalogue for the Subject"
"","Information Systems"
"","Master’s with 1 major, 120 ECTS credits"
"Module title","Abbreviation"
"E-Business Strategies","12-M-IBS-192-m01"
"Module coordinator","Module offered by"
"Holder of the Chair of Information Systems Engineering","Faculty of Business Management and Economics"
"ECTS
Method of grading
Only after succ. co","mpl. of module(s)"
"5
numerical grade
--",""
"Duration
Module level
Other prerequisite","s"
"1 semester
graduate
--",""
"Contents",""
"The module provides an overview of strategic implications","of digital technologies at the level of organisations,"
"industries and value networks. To this end, concepts and","frameworks from strategic technology management are"
"applied to digital innovations and illustrated with numero","us examples. In the accompanying exercise, case stu-"
"dies of well-known digital companies and their business","models are analysed and discussed."
"Intended learning outcomes",""
"- Understand theoretical concepts of strategy developmen","t and implementation in the context of digital techno-"
"logies.",""
"- Apply different frames of reference and understand their","strengths and weaknesses in the context of practical"
"application.",""
"- Transfer the concepts to real business situations",""
"Courses (type, number of weekly contact hours, language — if other than G","erman)"
"V (2) + Ü (2)",""
"Method of assessment (type, scope, language — if other than Germa","n, examination offered — if not every semester, information on whether"
"module is creditable for bonus)",""
"a) Written examination (approx. 60 minutes) or",""
"b) oral examination (one candidate each: approx. 10 to 15","minutes, groups of 2: approx. 20 minutes, groups of 3:"
"approx. 30 minutes) or",""
"Creditable for bonus",""
"Language of assessment: German and/or English",""
"Allocation of places",""
"40 places.",""
"Should the number of applications exceed the number of","available places, places will be allocated as follows:"
"(1) Master's students of Information Systems will be given","preferential consideration."
"(2) The remaining places will be allocated to students of o","ther subjects."
"(3) When places are allocated in accordance with (1) and (","2) and the number of applications exceeds the number"
"of available places, places will be allocated by lot among","applicants from this group."
"Additional information",""
"--",""
"Workload",""
"150 h",""
"Teaching cycle",""
"--",""
"Referred to in LPO I  (examination regulations for teaching-degree pro","grammes)"
"--",""
"Module appears in",""
"Master's degree (1 major) Information Systems (2019)",""
