"","Module Catalog","ue for the Subject"
"","Inf","ormation Systems"
"","Master’s with 1 majo","r, 120 ECTS credits"
"Master's degree (1 major) International Ec","onomic Policy (2022)",""
"Master's degree (1 major) Management (2","022)",""
"Master's degree (1 major) Economathema","tics (2022)",""
"Master’s with 1 major Information Systems (2019)","JMU Würzburg • generated 11-Mai-2023 • exam. reg. da-","page 216 / 250"
"","ta record Master (120 ECTS) Information Systems - 2019",""
