"","Module Catalog","ue for the Subject"
"","Inf","ormation Systems"
"","Master’s with 1 majo","r, 120 ECTS credits"
"Module title","Abbreviation",""
"Machine Learning for Natural Langua","10-I=NLP-182-
ge Processing","m01"
"Module coordinator","Module offered by",""
"Dean of Studies Informatik (Compute","r Science)
Institute of Computer Science",""
"ECTS
Method of grading","Only after succ. compl. of module(s)",""
"5
numerical grade","--",""
"Duration
Module level","Other prerequisites",""
"1 semester
graduate","--",""
"Contents","",""
"The lecture conveys advanced knowl","edge about methods in computational text processing. To","this end, it pres-"
"ents state of the art models and tech","niques in the area of machine learning, as well as their te","chnical back-"
"ground, and their respective applicat","ions in Natural Language Processing. As one important bu","ilding block of"
"almost all modern NLP-models, diffe","rent techniques for learning representations of words, so c","alled Word Em-"
"beddings, are presented. Starting fro","m this we cover, among others, models from the area of D","eep Learning, li-"
"ke CNNs, RNNs and Sequence-to-Seq","uence architectures. The theoretical foundations of these","models, like their"
"training with Backpropagation, are al","so covered in depth. For all models presented in the lectu","re, we show their"
"application to problems like sentime","nt analysis, text generation and machine translation in pr","actice."
"Intended learning outcomes","",""
"The participants have solid knowledg","e on problems and methods in the area of computational","text processing"
"and are able to identify and apply su","itable methods for a specific task.",""
"Courses (type, number of weekly contact hour","s, language — if other than German)",""
"V (2) + Ü (2)","",""
"Method of assessment (type, scope, lang","uage — if other than German, examination offered — if not every semester, in","formation on whether"
"module is creditable for bonus)","",""
"written examination (approx. 60 to 1","20 minutes).",""
"If announced by the lecturer at the b","eginning of the course, the written examination may be re","placed by an oral"
"examination of one candidate each (","approx. 20 minutes) or an oral examination in groups of 2","candidates (ap-"
"prox. 15 minutes per candidate).","",""
"Language of assessment: German an","d/or English",""
"creditable for bonus","",""
"Allocation of places","",""
"--","",""
"Additional information","",""
"Focuses available for students of the","Master's programme Informatik (Computer Science, 120 E","CTS credits): AT,"
"IS, HCI.","",""
"Workload","",""
"150 h","",""
"Teaching cycle","",""
"--","",""
"Referred to in LPO I  (examination regulati","ons for teaching-degree programmes)",""
"--","",""
"Module appears in","",""
"Master's degree (1 major) Computer","Science (2018)",""
"Master's degree (1 major) Computati","onal Mathematics (2019)",""
"Master's degree (1 major) Mathemati","cs (2019)",""
"Master's degree (1 major) Informatio","n Systems (2019)",""
"Master's teaching degree Gymnasium","MINT Teacher Education PLUS, Elite Network Bavaria (EN","B) (2020)"
"Master’s with 1 major Information Systems (2019)","JMU Würzburg • generated 11-Mai-2023 • exam. reg. da-","page 112 / 250"
