"","Module Catalog","ue for the Subject"
"","Inf","ormation Systems"
"","Master’s with 1 majo","r, 120 ECTS credits"
"Module title","Abbreviation",""
"Strategic Management of Global Sup","12-M-SMGS-1
ply Chains","82-m01"
"Module coordinator","Module offered by",""
"Holder of the Chair of Logistics and Q","uantitative Methods 
Faculty of Business Management","and Economics"
"in Business Administration","",""
"ECTS
Method of grading","Only after succ. compl. of module(s)",""
"5
numerical grade","--",""
"Duration
Module level","Other prerequisites",""
"1 semester
graduate","--",""
"Contents","",""
"Description:","",""
"In the course ""Strategic Management","of Global Supply Chains"", students will become familiar","with the basic"
"principles of building an efficient glo","bal supply chain and will apply what they have learned wo","rking on multiple"
"case studies.","",""
"Intended learning outcomes","",""
"After completing this course student","s",""
"(i) can apply the basic methods and","concepts of supply chain management to practical setting","s and evaluate the"
"results, and","",""
"(ii) understand the effects of global v","alue chains onto strategic company decisions.",""
"Courses (type, number of weekly contact hour","s, language — if other than German)",""
"V (2) + Ü (2)","",""
"Module taught in: English","",""
"Method of assessment (type, scope, lang","uage — if other than German, examination offered — if not every semester, in","formation on whether"
"module is creditable for bonus)","",""
"written examination (approx 60 minu","tes)",""
"Language of assessment: German an","d/or English",""
"creditable for bonus","",""
"Allocation of places","",""
"--","",""
"Additional information","",""
"--","",""
"Workload","",""
"150 h","",""
"Teaching cycle","",""
"--","",""
"Referred to in LPO I  (examination regulati","ons for teaching-degree programmes)",""
"--","",""
"Module appears in","",""
"Master's degree (1 major) Manageme","nt (2018)",""
"Master's degree (1 major) Internation","al Economic Policy (2018)",""
"Master's degree (1 major) China Busi","ness and Economics (2019)",""
"Master's degree (1 major) China Lang","uage and Economy (2019)",""
"Master's degree (1 major) Informatio","n Systems (2019)",""
"Master's degree (1 major) China Busi","ness and Economics (2021)",""
"Master's degree (1 major) China Lang","uage and Economy (2021)",""
"Master's degree (1 major) Economath","ematics (2021)",""
"Master's degree (1 major) Informatio","n Systems (2022)",""
"Master’s with 1 major Information Systems (2019)","JMU Würzburg • generated 11-Mai-2023 • exam. reg. da-","page 185 / 250"
