"","Module Catalogue for the Subject"
"","Information Systems"
"","Master’s with 1 major, 120 ECTS credits"
"Module title","Abbreviation"
"Industrial Management 2","12-M-LA-182-m01"
"Module coordinator","Module offered by"
"Holder of the Chair of Business Management and Industrial","Faculty of Business Management and Economics"
"Management",""
"ECTS
Method of grading
Only after succ. com","pl. of module(s)"
"5
numerical grade
--",""
"Duration
Module level
Other prerequisites",""
"1 semester
graduate
--",""
"Contents",""
"This module analyses and classifies approaches of producti","on planning and control. In addition, it develops"
"methods and models of lot sizing and scheduling. The focus","is on the determination of optimal production and"
"transport volumes as well as the planning of orders and man","ufacturing orders."
"Intended learning outcomes",""
"Students learn essential concepts, principles and methods","of production planning and control with emphasis on"
"the determination of optimal production and transport volu","mes as well as the planning of production and order"
"sequences. Then, based on this expertise related knowledge","broadening and deepening, essential competen-"
"cies are conveyed, which allow the imaging of realistic situa","tions and problems using mathematical and quanti-"
"tative models for the derivation and assessment of alternati","ve courses of action. After completion of the modu-"
"le students can answer, analyze and structure questions of","production planning and control, goal-oriented. They"
"can also arrange the planning areas in the overall business","context and have an in-depth overview of the produc-"
"tion planning and control.",""
"Courses (type, number of weekly contact hours, language — if other than Ger","man)"
"V (2) + Ü (2)",""
"Course type: might also be offered as eLearning, seminary,","workshop, etc."
"Method of assessment (type, scope, language — if other than German, e","xamination offered — if not every semester, information on whether"
"module is creditable for bonus)",""
"a) written examination (approx. 40 to 60 minutes) or b) pres","entation (approx. 20 minutes) and term paper (15 to"
"20 pages), weighted 1:1 or c) term paper (approx. 30 to 40 p","ages) or d) entirely or partly computerised written ex-"
"amination (approx. 60 minutes) or e) portfolio (approx 20 pa","ges)"
"Language of assessment: German and/or English",""
"creditable for bonus",""
"Allocation of places",""
"20 places. (1) Should the number of applications exceed the","number of available places, places will be allocated"
"by lot among all applicants irrespective of their subjects. (2)","Places on all courses of the module with a restricted"
"number of places will be allocated in the same procedure. (3",") A waiting list will be maintained and places re-allo-"
"cated by lot as they become available.",""
"Additional information",""
"--",""
"Workload",""
"150 h",""
"Teaching cycle",""
"--",""
"Referred to in LPO I  (examination regulations for teaching-degree progra","mmes)"
"--",""
"Module appears in",""
"Master's degree (1 major) Management (2018)",""
