"","","Module Catalogue for the Subject"
"","","Information Systems"
"","","Master’s with 1 major, 120 ECTS credits"
"Module title","","Abbreviation"
"Vertical Storytelling","","12-M-VS-221-m01"
"Module coordinator","","Module offered by"
"--","","Faculty of Business Management and Economics"
"ECTS
Method of grading","Only after succ. com","pl. of module(s)"
"10
numerical grade","--",""
"Duration
Module level","Other prerequisites",""
"1 semester
--","--",""
"Contents","",""
"--","",""
"Intended learning outcomes","",""
"--","",""
"Courses (type, number of weekly con","tact hours, language — if other than Ger","man)"
"S (2)","",""
"Method of assessment (type, sc","ope, language — if other than German, e","xamination offered — if not every semester, information on whether"
"module is creditable for bonus)","",""
"portfolio (approx. 5 pages)","",""
"Assessment offered: every yea","r, summer semester",""
"Allocation of places","",""
"--","",""
"Additional information","",""
"--","",""
"Workload","",""
"300 h","",""
"Teaching cycle","",""
"--","",""
"Referred to in LPO I  (examination","regulations for teaching-degree progra","mmes)"
"--","",""
"Module appears in","",""
"Master's degree (1 major) Man","agement (2018)",""
"Master's degree (1 major) Inte","rnational Economic Policy (20","18)"
"Master's degree (1 major) Info","rmation Systems (2019)",""
"Master's degree (1 major) Eco","nomathematics (2021)",""
"Master's degree (1 major) Info","rmation Systems (2022)",""
"Master's degree (1 major) Inte","rnational Economic Policy (20","22)"
"Master's degree (1 major) Man","agement (2022)",""
"Master's degree (1 major) Eco","nomathematics (2022)",""
