"","Module Catalogue for the Subject"
"","Information Systems"
"","Master’s with 1 major, 120 ECTS credits"
"Module title","Abbreviation"
"Advanced Programming","10-I=APR-182-m01"
"Module coordinator","Module offered by"
"holder of the Chair of Computer Science II","Institute of Computer Science"
"ECTS
Method of grading
Only after s","ucc. compl. of module(s)"
"5
numerical grade
--",""
"Duration
Module level
Other prere","quisites"
"1 semester
graduate
--",""
"Contents",""
"With the knowledge of basic programming, taught i","n introductory lectures, it is possible to realize simpler pro-"
"grams. If more complex problems are to be tackled",", suboptimal results like long, incomprehensible functions"
"and code duplicates occur. In this lecture, further k","nowledge is to be conveyed on how to give programs and co-"
"de a sensible structure. Also, further topics in the a","reas of software security and parallel programming are dis-"
"cussed.",""
"Intended learning outcomes",""
"Students learn advanced programming paradigms","especially suited for space applications. Different patterns are"
"then implemented in multiple languages and their","efficiency measured using standard metrics. In addition, par-"
"allel processing concepts are introduced culminati","ng in the use of GPU architectures for extremely quick proces-"
"sing.",""
"Courses (type, number of weekly contact hours, language — if oth","er than German)"
"V (2) + Ü (2)",""
"Module taught in: English",""
"Method of assessment (type, scope, language — if other tha","n German, examination offered — if not every semester, information on whether"
"module is creditable for bonus)",""
"written examination (90 to 120 minutes)",""
"Language of assessment: English",""
"creditable for bonus",""
"Allocation of places",""
"--",""
"Additional information",""
"--",""
"Workload",""
"150 h",""
"Teaching cycle",""
"--",""
"Referred to in LPO I  (examination regulations for teaching-de","gree programmes)"
"--",""
"Module appears in",""
"Master's degree (1 major) Satellite Technology (201","8)"
"Master's degree (1 major) Information Systems (20","19)"
