"","Module Catalogue for the Subject"
"","Information Systems"
"","Master’s with 1 major, 120 ECTS credits"
"Module title","Abbreviation"
"Business Service Platforms 2","12-AGP2-192-m01"
"Module coordinator","Module offered by"
"Holder of the Chair of Business Management and Business","Faculty of Business Management and Economics"
"Information Systems",""
"ECTS
Method of grading
Only after succ. com","pl. of module(s)"
"5
numerical grade
--",""
"Duration
Module level
Other prerequisites",""
"1 semester
graduate
--",""
"Contents",""
"The next generation of business service platforms leads to a","transformation of traditional industrial enterprises"
"into service businesses that generate a large proportion of v","alue in developed economies. New ICT technologies"
"such as cloud computing, the Internet of Things and semant","ic technologies will contribute to the success of the-"
"se businesses in a similar way as ERP contributed to the suc","cess of industrial enterprises. But we are still at the"
"beginning of the evolution of business service platforms, wh","ich will have to become more adaptable to support"
"special business models and allow differentiating customer","service processes."
"The course will discuss different case studies on services bu","sinesses. The digital transformation of the software"
"industry into a service industry is the most prominent of the","se case."
"Intended learning outcomes",""
"Be aware of the growing economic importance of the service","sector. Understand that services businesses in are"
"facing a special productivity problem, which could not be ad","ressed by the same processes applied in the ma-"
"nufacturing industries. Understand the new ICT technologie","s we have at hand today to deliver smart solutions"
"for this problem. Be aware of the diversity of services busine","ss today where we have no evidence that a general"
"standard can be found applicable to most subsectors simila","r to the standardization achieved for the manufactu-"
"ring industries after twenty years of research.",""
"Courses (type, number of weekly contact hours, language — if other than Ger","man)"
"V (2)",""
"Method of assessment (type, scope, language — if other than German, e","xamination offered — if not every semester, information on whether"
"module is creditable for bonus)",""
"Written examination (approx. 60 minutes)",""
"Creditable for bonus",""
"Language of assessment: German and/or English",""
"Allocation of places",""
"40 places.",""
"Should the number of applications exceed the number of av","ailable places, places will be allocated as follows:"
"(1) Master's students of Information Systems will be given p","referential consideration."
"(2) The remaining places will be allocated to students of oth","er subjects."
"(3) When places are allocated in accordance with (1) and (2)","and the number of applications exceeds the number"
"of available places, places will be allocated by lot among ap","plicants from this group."
"Additional information",""
"--",""
"Workload",""
"150 h",""
"Teaching cycle",""
"--",""
"Referred to in LPO I  (examination regulations for teaching-degree progra","mmes)"
"--",""
