"","Module Catalogue for the Subject"
"","Information Systems"
"","Master’s with 1 major, 120 ECTS credits"
"Module title","Abbreviation"
"Incentives in Organizations","12-M-AO-182-m01"
"Module coordinator","Module offered by"
"Holder of the Chair of Human Resource Management and","Faculty of Business Management and Economics"
"Organisation",""
"ECTS
Method of grading
Only after succ. co","mpl. of module(s)"
"5
numerical grade
--",""
"Duration
Module level
Other prerequisites",""
"1 semester
graduate
--",""
"Contents",""
"Based on the classical principal-agent theory, this course d","iscusses methodological and empirical aspects of in-"
"centives in organisations. It uses contents from advanced t","ext books and original (mainly empirical) research ar-"
"ticles.",""
"Outline of syllabus",""
"1. Principal-agent theory",""
"2. Do top managers earn too much? (application)",""
"3. Performance-based payment",""
"4. Implementation of performance-based payment in comp","anies (application)"
"5. Seniority payment (with application)",""
"6. Financial incentives to work after retirement (with applic","ation)"
"7. Efficiency wages (with case study)",""
"8. Team incentives (with case study)",""
"Intended learning outcomes",""
"Students acquire a working knowledge of key incentive mo","dels models, selected empirical applications and the"
"necessary econometric background. This enables them to i","dentify the advantages and disadvantages of different"
"incentive systems that are applied in the enterprise contex","t, to make informed management analyses and to cri-"
"tically evaluate current controversies and developments as","well as to conduct their own research."
"Courses (type, number of weekly contact hours, language — if other than Ge","rman)"
"V (2) + Ü (2)",""
"Module taught in: English",""
"Method of assessment (type, scope, language — if other than German,","examination offered — if not every semester, information on whether"
"module is creditable for bonus)",""
"a) written examination (approx. 60 minutes) or b) term pap","er (approx. 15 pages)"
"Language of assessment: German and/or English",""
"Allocation of places",""
"--",""
"Additional information",""
"--",""
"Workload",""
"150 h",""
