"","Module Catalogue for the Subject"
"","Information Systems"
"","Master’s with 1 major, 120 ECTS credits"
"Module title","Abbreviation"
"Data Science","10-I=DM-232-m01"
"Module coordinator","Module offered by"
"holder of the Chair of Computer Science IX","Institute of Computer Science"
"ECTS
Method of grading
Only after s","ucc. compl. of module(s)"
"5
numerical grade
--",""
"Duration
Module level
Other prere","quisites"
"1 semester
graduate
--",""
"Contents",""
"Foundations in the following areas: definition of da","ta mining and knowledge discovery in databases, process"
"model, relationship to data warehouse and OLAP d","ata preprocessing, data visualisation, unsupervised learning"
"methods (cluster- and association methods), super","vised learning (e. g. Bayes classification, KNN, decision trees,"
"SVM), learning methods for special data types, furt","her learning paradigms."
"Intended learning outcomes",""
"The students possess a theoretical and practical kn","owledge of typical methods and algorithms in the area of da-"
"ta mining and machine learning. They are able to so","lve practical knowledge discovery problems with the help of"
"the knowledge acquired in this course and by using","the KDD process. They have acquired experience in the use"
"or implementation of data mining algorithms.",""
"Courses (type, number of weekly contact hours, language — if oth","er than German)"
"V (2) + Ü (2)",""
"Method of assessment (type, scope, language — if other tha","n German, examination offered — if not every semester, information on whether"
"module is creditable for bonus)",""
"written examination (approx. 60 to 120 minutes).",""
"If announced by the lecturer at the beginning of the","course, the written examination may be replaced by an oral"
"examination of one candidate each (approx. 20 min","utes) or an oral examination in groups of 2 candidates (ap-"
"prox. 15 minutes per candidate).",""
"Language of assessment: German and/or English",""
"creditable for bonus",""
"Allocation of places",""
"--",""
"Additional information",""
"Focuses available for students of the Master's prog","ramme Informatik (Computer Science, 120 ECTS credits):"
"IT,KI,HCI,GE,SEC",""
"Workload",""
"150 h",""
"Teaching cycle",""
"--",""
"Referred to in LPO I  (examination regulations for teaching-de","gree programmes)"
"--",""
"Module appears in",""
"Master's degree (1 major) Information Systems (201","9)"
"Master's degree (1 major) Information Systems (202","2)"
"Master's degree (1 major) Computer Science (2023)",""
"Master's degree (1 major) Aerospace Computer Scie","nce (2023)"
