"","Module Catalogue for the Subject"
"","Information Systems"
"","Master’s with 1 major, 120 ECTS credits"
"Module title","Abbreviation"
"Financial Statement Analysis and Business Valuation","12-M-UA-161-m01"
"Module coordinator","Module offered by"
"Holder of the Chair of Financial Accounting","Faculty of Business Management and Economics"
"ECTS
Method of grading
Only after succ. c","ompl. of module(s)"
"5
numerical grade
--",""
"Duration
Module level
Other prerequisit","es"
"1 semester
graduate
--",""
"Contents",""
"Fundamental investing involves valuation, and much of t","he information for valuation is contained in financial"
"statements. This module provides a basic understanding","of financial statement analysis, particularly on how to"
"extract value-relevant information from financial stateme","nts, carry out financial statement analysis, and use fi-"
"nancial data to value corporations. The module also prov","ides the necessary tools to gain insights into what ge-"
"nerates value in a corporation.",""
"Intended learning outcomes",""
"Students can understand publicly traded companies' fina","ncial statements (US GAAP/IFRS), identify value-rele-"
"vant information in financial statements, and use this inf","ormation for valuation. They know the relevant techni-"
"ques to evaluate financial statements and understand th","e fundamental role of financial information in the valua-"
"tion process. Students can apply valuation technics to re","al-world cases and recommend investment decisions."
"Courses (type, number of weekly contact hours, language — if other than","German)"
"V (2) + Ü (2)",""
"Method of assessment (type, scope, language — if other than Germa","n, examination offered — if not every semester, information on whether"
"module is creditable for bonus)",""
"written examination (approx. 60 to 120 minutes)",""
"Language of assessment: German and/or English",""
"creditable for bonus",""
"Allocation of places",""
"--",""
"Additional information",""
"--",""
"Workload",""
"150 h",""
"Teaching cycle",""
"--",""
"Referred to in LPO I  (examination regulations for teaching-degree pro","grammes)"
"--",""
"Module appears in",""
"Master's degree (1 major) Business Information Systems","(2016)"
"Master's degree (1 major) Business Management (2015)",""
"Master's degree (1 major) China Business and Economics","(2016)"
"Master's degree (1 major) International Economic Policy (","2015)"
"Master's degree (1 major) China Language and Economy (","2016)"
"Master's degree (1 major) Management (2018)",""
"Master's degree (1 major) International Economic Policy (","2018)"
"Master's degree (1 major) China Business and Economics","(2019)"
"Master's degree (1 major) China Language and Economy (","2019)"
