"","Module Catalogue for the Subject"
"","Information Systems"
"","Master’s with 1 major, 120 ECTS credits"
"Module title","Abbreviation"
"Strategic Marketing","12-M-SM-161-m01"
"Module coordinator","Module offered by"
"Holder of the Chair of Business Management and Marke-","Faculty of Business Management and Economics"
"ting",""
"ECTS
Method of grading
Only after succ. co","mpl. of module(s)"
"5
numerical grade
--",""
"Duration
Module level
Other prerequisite","s"
"1 semester
graduate
--",""
"Contents",""
"Description:",""
"The module raises awareness in students of the relevance","and necessity of strategic management in a competiti-"
"ve and dynamical competitive process.",""
"C
ontent:",""
"Based on the marketing strategies as well as the stakehold","er and entrepreneurship approaches, this module"
"discusses the roots of the concept of strategy in marketing","based on Drucker, Porter, Ansoff and Mintzberg. The"
"focus of the module is on thinking in competitive advantag","es, which is directly related to responsible leadership."
"O
utline of syllabus:",""
"1. Competitive dynamics requires strategy and leadership",""
"2. Marketing strategies, stakeholder management and entr","epreneurship"
"3. Objectives and tasks of corporate governance in manag","ement practice"
"4. Competitive forces, strategies and benefits according to","Michael Porter"
"5. Growth strategies and marketing myths",""
"6. Future technologies, new businesses and dynamic capa","bilities"
"7. Nature and principles of responsible management",""
"R
eading:",""
"Barnard, CI (1938): The Functions of the Executive, Harvard","University Press, Cambridge, Massachusetts."
"Eschenbach, R.; Eschenbach, S.; Kunesch, H. (2008): Strat","egische Konzepte: Management-Ansätze von Ansoff"
"bis Ulrich, 5th ed., Schäffer-Poeschel Stuttgart.",""
"Freeman, RE (2010): Strategic Management: A Stakeholder","Approach, Cambridge University Press."
"Grant, R. M.; Nippa, M. (2006): Strategisches Management",": Analyse, Entwicklung und Implementierung von Un-"
"ternehmensstrategien, 5th ed., Pearson Munich.",""
"Hinterhuber, H. H. (2011): Strategische Unternehmensführ","ung -- I. Strategisches Denken, 8th ed., Erich Schmidt"
"Verlag, Berlin.",""
"Hungenberg, H. (2012): Strategisches Management in Unte","rnehmen: Ziele -- Prozesse -- Verfahren, 7th ed.,"
"Gabler, Wiesbaden.",""
"Johnson, G.; Scholes, K.; Whittington, R. (2009): Fundame","ntals of Strategy, 1st ed., Financial Times and Prentice"
"Hall Harlow.",""
"Kotler, P.; Berger, R.; Bickhoff, N. (2010): The Quintessence","of Strategic Management, Springer, Heidelberg."
"Laasch, O.; Conaway RN (2014): The Principles of Responsi","ble Management: Global Sustainability, Responsibili-"
"ty, and Ethics, Cengage Stamford.",""
"Meffert, H.; Burmannn, C.; Kirchgeorg, M. (2012): Marketin","g -- Grundlagen marktorientierter Unternehmensfüh-"
"rung, 11th ed., Gabler, Wiesbaden.",""
"Meyer, M. (1995): Ökonomische Organisation der Industrie",": Netzwerkarrangements zwischen Markt und Unter-"
"nehmung, Gabler, Wiesbaden.",""
"Müller-Stewens, G.; Lechner, C. (2011): Strategisches Mana","gement -- Wie strategische Initiativen zum Wandel"
"führen, 4th ed., Schäffer-Poeschel Stuttgart.",""
"Porter, M. (1999): Wettbewerb und Strategie, Econ Munich.","(Original: Porter, M.: On Competition, Boston, 1998.)"
"Porter, M. (2014): Wettbewerbsvorteile -- Spitzenleistunge","n erreichen und behaupten, 8th ed., Campus Frank-"
"furt / New York. (Original: Porter, M.: Competitive Advantag","e, New York, 1985)"
