"Mod","ule Catalogue for the Subject"
"","Information Systems"
"Master’s w","ith 1 major, 120 ECTS credits"
"Theory of Industrial Organization","189"
"European Competition Policy","191"
"Econometrics 1","193"
"Advanced Microeconomics","195"
"Selected Topics in Business Management and Economics 1","197"
"Selected Topics in Business Management and Economics 2","199"
"Selected Topics in Business Information Systems 1","201"
"Selected Topics in Business Information Systems 2","203"
"Digital Marketing I","205"
"Digital Marketing II","207"
"E-Commerce I","209"
"E-Commerce II","211"
"Real-Time Process Analytics","212"
"Topics in Data Science","213"
"Topics in Information Systems 1","215"
"Topics in Information Systems 2","217"
"Stochastic Models for Risk Analysis","219"
"Stochastic Models for Risk Assessment","220"
"Communication in Business and Economics","222"
"Business Communication in Print, Online and Social Media","224"
"Managerial Practice Lectures","226"
"Advanced Topics in Data Science","228"
"International Marketing Strategy","229"
"Economist Practice Lectures","230"
"Enterprise AI","232"
"Information Systems and Artificial Intelligence 1","233"
"Information Systems and Artificial Intelligence 2","234"
"Vertical Storytelling","235"
"Organizational Economics and Digital Transformation","236"
"Policy Evaluation Methods","237"
"Topics in Empirical Economics","239"
"Systems Benchmarking","240"
"Computer Vision","241"
"Image Processing and Computational Photography","242"
"Multilingual NLP","243"
"Statistical Network Analysis","244"
"Operations Research","246"
"Machine Learning for Networks 1","247"
"Data Science","248"
"Thesis","249"
"Master Thesis Information Systems","250"
