"","Module Catalog","ue for the Subject"
"","Inf","ormation Systems"
"","Master’s with 1 majo","r, 120 ECTS credits"
"Module title","Abbreviation",""
"Change Management","12-M-CHA-182","-m01"
"Module coordinator","Module offered by",""
"Holder of the Chair of Business Mana","gement, Management 
Faculty of Business Management","and Economics"
"Accounting and Control","",""
"ECTS
Method of grading","Only after succ. compl. of module(s)",""
"5
numerical grade","--",""
"Duration
Module level","Other prerequisites",""
"1 semester
graduate","--",""
"Contents","",""
"Within the module, theoretical basic","s of change management are covered. In addition, we pres","ent and jointly"
"analyze existing change projects in d","etail. We try to answer related questions, too. For exampl","e, the module dis-"
"cusses how to involve stakeholders i","n change, what motivates them to embrace change, and w","hether participa-"
"tion is a universal principle. The mod","ule covers projects like merging two departments, restarti","ng a department"
"with team building, conducting an e","mployee survey, or developing a new mission statement. T","he majority of the"
"projects are taken from the social se","ctor, but can be transferred to industry and SMEs.",""
"Intended learning outcomes","",""
"After participating the lecture, stude","nts will be able to understand the occurrence of resistance","and massive"
"emotional reactions in change proce","sses. Change processes can be critically analyzed and the","use of typical in-"
"struments in change processes can b","e questioned. Students are able to identify the typical pit","falls and hurdles"
"in these processes and are able to us","e their knowledge for own future projects as well as to cre","ate their own so-"
"lutions in change processes.","",""
"Courses (type, number of weekly contact hour","s, language — if other than German)",""
"V (2) + Ü (2)","",""
"Method of assessment (type, scope, lang","uage — if other than German, examination offered — if not every semester, in","formation on whether"
"module is creditable for bonus)","",""
"a) written examination (approx. 60 m","inutes) or b) term paper (approx. 15 pages)",""
"Assessment offered: In the semester","in which the course is offered",""
"Language of assessment: German an","d/or English",""
"creditable for bonus","",""
"Allocation of places","",""
"--","",""
"Additional information","",""
"--","",""
"Workload","",""
"150 h","",""
"Teaching cycle","",""
"--","",""
"Referred to in LPO I  (examination regulati","ons for teaching-degree programmes)",""
"--","",""
"Module appears in","",""
"Master's degree (1 major) Manageme","nt (2018)",""
"Master's degree (1 major) Internation","al Economic Policy (2018)",""
"Master's degree (1 major) China Busi","ness and Economics (2019)",""
"Master's degree (1 major) China Lang","uage and Economy (2019)",""
"Master's degree (1 major) Informatio","n Systems (2019)",""
"Master's degree (1 major) China Busi","ness and Economics (2021)",""
"Master’s with 1 major Information Systems (2019)","JMU Würzburg • generated 11-Mai-2023 • exam. reg. da-","page 172 / 250"
