"","Module Catalogue for the Subject"
"","Information Systems"
"","Master’s with 1 major, 120 ECTS credits"
"Module title","Abbreviation"
"Industrial Management 1","12-M-SBM-182-m01"
"Module coordinator","Module offered by"
"Holder of the Chair of Business Management and Industrial","Faculty of Business Management and Economics"
"Management",""
"ECTS
Method of grading
Only after succ. com","pl. of module(s)"
"5
numerical grade
--",""
"Duration
Module level
Other prerequisites",""
"1 semester
graduate
--",""
"Contents",""
"The course addresses central issues of strategic supply man","agement. The supply function of the company"
"(purchasing, materials management, procurement logistics)","and its strategic importance is analysed and basic"
"methods are developed that are relevant in this area.",""
"Intended learning outcomes",""
"Students learn the principles of performance-oriented optim","ization of all procurement activities to develop long-"
"term, competitively sensitive potential for success. After com","pletion of the module students are able to prepa-"
"re structured, to goal-oriented analyze and to respond to per","formance-oriented issues of strategic procurement"
"based on key instruments. Students are able to accurately c","lassify the tasks of the procurement and to describe"
"and discuss their strategic importance and dominate essent","ial methods and procedures used in this area to ap-"
"ply.",""
"Courses (type, number of weekly contact hours, language — if other than Ger","man)"
"V (2) + Ü (2)",""
"Course type: might also be offered as eLearning, seminary,","workshop, etc."
"Method of assessment (type, scope, language — if other than German, e","xamination offered — if not every semester, information on whether"
"module is creditable for bonus)",""
"a) written examination (approx. 40 to 60 minutes) or b) pres","entation (approx. 20 minutes) and term paper (15 to"
"20 pages), weighted 1:1 or c) term paper (approx. 30 to 40 p","ages) or d) entirely or partly computerised written ex-"
"amination (approx. 60 minutes) or e) portfolio (approx 20 pa","ges)"
"Language of assessment: German and/or English",""
"creditable for bonus",""
"Allocation of places",""
"20 places. (1) Should the number of applications exceed the","number of available places, places will be allocated"
"by lot among all applicants irrespective of their subjects. (2)","Places on all courses of the module with a restricted"
"number of places will be allocated in the same procedure. (3",") A waiting list will be maintained and places re-allo-"
"cated by lot as they become available.",""
"Additional information",""
"--",""
"Workload",""
"150 h",""
"Teaching cycle",""
"--",""
"Referred to in LPO I  (examination regulations for teaching-degree progra","mmes)"
"--",""
"Module appears in",""
"Master's degree (1 major) Management (2018)",""
"Master's degree (1 major) International Economic Policy (201","8)"
"Master's degree (1 major) China Business and Economics (2","019)"
