"","Module Catalogue for the Subject"
"","Information Systems"
"","Master’s with 1 major, 120 ECTS credits"
"Module title","Abbreviation"
"Work Order Planning for Automated Manufacturing","12-M-AGAF-161-m01"
"Module coordinator","Module offered by"
"Holder of the Chair of Business Management and Business","Faculty of Business Management and Economics"
"Information Systems",""
"ECTS
Method of grading
Only after succ. com","pl. of module(s)"
"5
numerical grade
--",""
"Duration
Module level
Other prerequisites",""
"1 semester
graduate
--",""
"Contents",""
"The idea of integration of business information systems is p","rimarily practiced and developed as an ERP system"
"in terms of business application areas, their temporal overla","p (data warehouse), their spatial relationship (sup-"
"ply network) and connection of legal tasks (eGovernment). H","owever, linking the commercial view of incoming cu-"
"stomer orders with the logistic or more technical view of the","scheduling of production orders and the resulting"
"consequences for the processes is a critical success factor.",""
"Intended learning outcomes",""
"Linking research and lectures of the Institute of Robotics an","d Telematics as well as the orientation of the Chair of"
"Business Integration allows students a conceptual as well a","s practical insight into the challenges of this in the"
"future essential part of the operational automation develop","ment."
"Courses (type, number of weekly contact hours, language — if other than Ger","man)"
"V (2) + Ü (2)",""
"Method of assessment (type, scope, language — if other than German, e","xamination offered — if not every semester, information on whether"
"module is creditable for bonus)",""
"written examination (approx. 60 minutes)",""
"Language of assessment: German and/or English",""
"Allocation of places",""
"--",""
"Additional information",""
"--",""
"Workload",""
"150 h",""
"Teaching cycle",""
"--",""
"Referred to in LPO I  (examination regulations for teaching-degree progra","mmes)"
"--",""
"Module appears in",""
"Master's degree (1 major) Economathematics (2016)",""
"Master's degree (1 major) Business Information Systems (20","16)"
"Master's degree (1 major) Business Management (2015)",""
"Master's degree (1 major) China Business and Economics (2","016)"
"Master's degree (1 major) International Economic Policy (20","15)"
"Master's degree (1 major) China Language and Economy (20","16)"
"Master's degree (1 major) Information Systems (2019)",""
