"","Module Catalogue for the Subject"
"","Information Systems"
"","Master’s with 1 major, 120 ECTS credits"
"Module title","Abbreviation"
"Master Thesis Information Systems","12-WI-MA-192-m01"
"Module coordinator","Module offered by"
"Dean of the Faculty of Business Management and Econo-","Faculty of Business Management and Economics"
"mics",""
"ECTS
Method of grading
Only after succ. co","mpl. of module(s)"
"30
numerical grade
--",""
"Duration
Module level
Other prerequisite","s"
"1 semester
graduate
--",""
"Contents",""
"Students will complete their degree with a Master's thesis","in which they will be required to independently rese-"
"arch and write on a topic in the area of business managem","ent and economics, drawing on the subject-specific"
"knowledge they have acquired and adhering to the princip","les of good scientific practice. This thesis may either"
"take the form of an analysis and structured presentation of","the existing literature on a certain topic or may, as is"
"often the case, also include a presentation of the students","' own original achievements, e. g. new algorithms de-"
"veloped by students, surveys, the prototypical demonstrat","ion of a concept they developed or the application and"
"(further) development of a theoretical model.",""
"Intended learning outcomes",""
"In the master thesis students prove that they can plan and","carry out a science-based work to solve a particular"
"problem within a specified period autonomously and to do","cument the results in accordance with the professio-"
"nal scientific standards in writing. Students are able to und","erstand relevant contributions to research and pro-"
"fessional practice, critically analyze and assess the relevan","ce to their own specific questions. They can assess"
"and recognize major lines of development and dynamics o","f the subject and therefore also the need to retrain"
"continuously.",""
"Courses (type, number of weekly contact hours, language — if other than Ge","rman)"
"--",""
"Method of assessment (type, scope, language — if other than German,","examination offered — if not every semester, information on whether"
"module is creditable for bonus)",""
"Master's thesis (approx. 60 to 80 pages)",""
"Language of assessment: German and/or English",""
"Allocation of places",""
"--",""
"Additional information",""
"Time to complete: 6 months",""
"Workload",""
"900 h",""
"Teaching cycle",""
"--",""
"Referred to in LPO I  (examination regulations for teaching-degree progr","ammes)"
"--",""
"Module appears in",""
"Master's degree (1 major) Information Systems (2019)",""
"Master's degree (1 major) Information Systems (2022)",""
