"","Module Catalog","ue for the Subject"
"","Inf","ormation Systems"
"","Master’s with 1 majo","r, 120 ECTS credits"
"Module title","Abbreviation",""
"Strategic Networks in Industry","12-M-MS-161-","m01"
"Module coordinator","Module offered by",""
"Holder of the Chair of Business Mana","gement and Marke-
Faculty of Business Management","and Economics"
"ting","",""
"ECTS
Method of grading","Only after succ. compl. of module(s)",""
"5
numerical grade","--",""
"Duration
Module level","Other prerequisites",""
"1 semester
graduate","--",""
"Contents","",""
"The primary object of this course is t","o gain a detailed understanding of strategic networks and","of the phenome-"
"non of clustering in the industrial ind","ustry. The example of the international automotive indust","ry is used for clari-"
"fication of the theoretical contents.","",""
"The focus is on marketing in industri","al companies and also on CSR - CSR is considered the ""dri","ver"" of sustaina-"
"ble innovations - as well as the differ","ent strategy types of sustainable innovations.",""
"Outline of syllabus:","",""
"1. Strategic networks and clusters in","industrial industries such as the automotive industry",""
"2. Transaction types of Williamson as","well as strategic cooperation between automobile manuf","acturers and sup-"
"pliers","",""
"3. Management of business types, in","particular the business of suppliers in the automotive ind","ustry"
"4. Cluster and entrepreneurship activ","ities",""
"5. Sustainable innovation strategies","",""
"Intended learning outcomes","",""
"By the end of the course, students ga","in a profound understanding above the basics of network","research. Further-"
"more students will aquire sectoral kn","owledge of the automotive industry as well as detailed cl","uster skills."
"Courses (type, number of weekly contact hour","s, language — if other than German)",""
"V (2) + Ü (2)","",""
"Method of assessment (type, scope, lang","uage — if other than German, examination offered — if not every semester, in","formation on whether"
"module is creditable for bonus)","",""
"written examination (approx. 60 min","utes)",""
"Language of assessment: German an","d/or English",""
"Allocation of places","",""
"--","",""
"Additional information","",""
"--","",""
"Workload","",""
"150 h","",""
"Teaching cycle","",""
"--","",""
"Referred to in LPO I  (examination regulati","ons for teaching-degree programmes)",""
"--","",""
"Module appears in","",""
"Master's degree (1 major) Economath","ematics (2016)",""
"Master's degree (1 major) Business I","nformation Systems (2016)",""
"Master's degree (1 major) Business M","anagement (2015)",""
"Master's degree (1 major) China Busi","ness and Economics (2016)",""
"Master's degree (1 major) Internation","al Economic Policy (2015)",""
"Master’s with 1 major Information Systems (2019)","JMU Würzburg • generated 11-Mai-2023 • exam. reg. da-","page 133 / 250"
