"","Module Catalogue for the Subject"
"","Information Systems"
"","Master’s with 1 major, 120 ECTS credits"
"Module title","Abbreviation"
"Real-Time Interactive Systems","10-HCI=RIS-182-m01"
"Module coordinator","Module offered by"
"holder of the Chair of Computer Science IX","Institute of Computer Science"
"ECTS
Method of grading
Only after s","ucc. compl. of module(s)"
"5
numerical grade
--",""
"Duration
Module level
Other prere","quisites"
"1 semester
graduate
--",""
"Contents",""
"This course provides an introduction into the requir","ements, concepts, and engineering art of highly interactive"
"human-computer systems. Such systems are typica","lly found in perceptual computing, Virtual, Augmented, Mixed"
"Reality, computer games, and cyber-physical syste","ms. Lately, these systems are often termed Real-Time Interac-"
"tive Systems (RIS) due to their common aspects.",""
"The course covers theoretical models derived from","the requirements of the application area as well as common"
"hands-on and novel solutions necessary to tackle a","nd fulfill these requirements. The first part of the course will"
"concentrate on the conceptual principles characteri","zing real-time interactive systems. Questions answered are:"
"What are the main requirements? How do we handl","e multiple modalities? How do we define the timeliness of"
"RIS? Why is it important? What do we have to do to","assure timeliness? The second part will introduce a concep-"
"tual model of the mission-critical aspects of time, la","tencies, processes, and events necessary to describe a sy-"
"stem's behavior. The third part introduces the appli","cation state, it's requirements of distribution and coherence,"
"and the consequences these requirements have on","decoupling and software quality aspects in general. The last"
"part introduces some potential solutions to data re","dundancy, distribution, synchronization, and interoperability."
"Along the way, typical and prominent state-of-the-a","rt approaches to reoccurring engineering tasks are discussed."
"This includes pipeline systems, scene graphs, appl","ication graphs (aka field routing), event systems, entity and"
"component models, and others. Novel concepts lik","e actor models and ontologies will be covered as alternative"
"solutions. The theoretical and conceptual discussio","ns will be put into a practical context of today's commercial"
"and research systems, e.g., X3D, instant reality, Uni","ty3d, Unreal Engine 4, and Simulator X."
"Intended learning outcomes",""
"After the course, the students will have a solid und","erstanding of the boundary conditions defined by both, the"
"physiological and psychological characteristics of t","he human users as well as by the architectures and technolo-"
"gical characteristics of today's computer systems. P","articipants will gain a solid understanding about what they"
"can expect from today's technological solutions. Th","ey will be able to choose the appropriate approach and tools"
"to solve a given engineering task in this application","area and they will have a well-founded basis enabling them"
"to develop alternative approaches for future real-ti","me interactive systems."
"Courses (type, number of weekly contact hours, language — if oth","er than German)"
"V (2) + Ü (2)",""
"Method of assessment (type, scope, language — if other tha","n German, examination offered — if not every semester, information on whether"
"module is creditable for bonus)",""
"written examination (approx. 60 to 120 minutes).",""
"If announced by the lecturer at the beginning of the","course, the written examination may be replaced by an oral"
"examination of one candidate each (approx. 20 min","utes) or an oral examination in groups of 2 candidates (ap-"
"prox. 15 minutes per candidate).",""
"Language of assessment: German and/or English",""
"creditable for bonus",""
"Allocation of places",""
"--",""
"Additional information",""
"Focuses available for students of the Master's prog","ramme Informatik (Computer Science, 120 ECTS credits): HCI."
"Cf. Section 3 Subsection 3 Sentence 8 FSB (subject-","specific provisions)."
