"","Module Catalogue for the Subject"
"","Information Systems"
"","Master’s with 1 major, 120 ECTS credits"
"Module title","Abbreviation"
"Project Seminar","12-PS-192-m01"
"Module coordinator","Module offered by"
"Holder of the Chair of Business Management and Business","Faculty of Business Management and Economics"
"Information Systems",""
"ECTS
Method of grading
Only after succ. com","pl. of module(s)"
"15
numerical grade
--",""
"Duration
Module level
Other prerequisites",""
"1 semester
graduate
--",""
"Contents",""
"Content:",""
"In small project teams of 4 to 10 members, students will spe","nd several months actively working on a specific and"
"realistic problem with practical relevance. They will progress","through several project stages including as-is analy-"
"sis, to-be conception and implementation of an IS solution.","The project teams will be required to work indepen-"
"dently and will only receive advice and minor support from r","esearch assistants."
"R
eading:",""
"will vary according to topic",""
"Intended learning outcomes",""
"After completing the course ""Projektseminar"", students will","be able to"
"1. analyze business tasks and requirements and generate fi","tting IS solutions;"
"2. apply project management methods;",""
"3. internalize stress, time and conflict management by mean","s of practical teamwork."
"Courses (type, number of weekly contact hours, language — if other than Ger","man)"
"S (2)",""
"Method of assessment (type, scope, language — if other than German, e","xamination offered — if not every semester, information on whether"
"module is creditable for bonus)",""
"project: preparing a conceptual design (approx. 150 hours),","designing and implementing an approach to solution"
"(approx. 300 hours) as well as presentation (approx. 20 min","utes), weighted 1:2:1"
"Language of assessment: German, English",""
"Creditable for bonus",""
"Allocation of places",""
"--",""
"Additional information",""
"--",""
"Workload",""
"450 h",""
"Teaching cycle",""
"--",""
"Referred to in LPO I  (examination regulations for teaching-degree progra","mmes)"
"--",""
"Module appears in",""
"Master's degree (1 major) Information Systems (2019)",""
"Master's degree (1 major) Information Systems (2022)",""
