"","Module Catalogue for the Subject"
"","Information Systems"
"","Master’s with 1 major, 120 ECTS credits"
"Module title","Abbreviation"
"International Marketing Strategy","12-M-IMS-211-m01"
"Module coordinator","Module offered by"
"Dean of the Faculty of Business Management and Econo-","Faculty of Business Management and Economics"
"mics",""
"ECTS
Method of grading
Only after succ. co","mpl. of module(s)"
"5
numerical grade
--",""
"Duration
Module level
Other prerequisite","s"
"1 semester
graduate
--",""
"Contents",""
"The objective of this simulation course is to develop hands","-on skills of how to make international marketing de-"
"cisions. Emphasis is put on the computer simulation game","Country Manager which focuses on the managerial is-"
"sues arising when companies plan and execute market ent","ry into new countries. This exercise allows students to"
"experience the challenges pertaining to corresponding dec","isions by playing the role of a responsible manager for"
"a major consumer products company. Students have to de","cide on the countries to enter, the mode of entry, the"
"segments to target, and every aspect of the marketing mix","(price, promotion, place and product) and will get im-"
"mediate feedback on the consequences of their actions.",""
"Intended learning outcomes",""
"After completion of the course, participants should have g","ained a broad appreciation of critical decisions in in-"
"ternational marketing.",""
"Courses (type, number of weekly contact hours, language — if other than Ge","rman)"
"S (2)",""
"Method of assessment (type, scope, language — if other than German,","examination offered — if not every semester, information on whether"
"module is creditable for bonus)",""
"a) written examination (40 to 60 minutes) or",""
"b) term paper (15 to 20 pages) and presentation (approx. 2","0 minutes) (weighted 2:1) or"
"c) term paper (30 to 40 pages) or",""
"d) portfolio (approx. 20 pages)",""
"Language of assessment: German and/or English",""
"Allocation of places",""
"--",""
"Additional information",""
"--",""
"Workload",""
"150 h",""
"Teaching cycle",""
"--",""
"Referred to in LPO I  (examination regulations for teaching-degree progr","ammes)"
"--",""
"Module appears in",""
"Master's degree (1 major) Management (2018)",""
"Master's degree (1 major) International Economic Policy (2","018)"
"Master's degree (1 major) Information Systems (2019)",""
"Master's degree (1 major) China Business and Economics (","2021)"
"Master's degree (1 major) China Language and Economy (2","021)"
"exchange program Business Management and Economics","(2022)"
