"","Module Catalo","gue for the Subject"
"","Inf","ormation Systems"
"","Master’s with 1 majo","r, 120 ECTS credits"
"Module title","Abbreviation",""
"Statistical Network Analysis","10-I=SNA-232","-m01"
"Module coordinator","Module offered by",""
"holder of the Chair of Computer Scie","nce XV
Institute of Computer Science",""
"ECTS
Method of grading","Only after succ. compl. of module(s)",""
"5
numerical grade","--",""
"Duration
Module level","Other prerequisites",""
"1 semester
graduate","--",""
"Contents","",""
"Networks matter! This holds for tech","nical infrastructures like communication or transportation","networks, for in-"
"formation systems and social media","in the World Wide Web, but also for various social, econo","mic and biologi-"
"cal systems. What can we learn from","data that capture the interaction topology of such comple","x systems? What"
"is the role of individual nodes and ho","w can we discover significant patterns in the structure of","networks? How do"
"these structures influence dynamical","process like diffusion or the spreading of epidemics? Wh","ich are the most"
"influential actors in a social network?","And how can we analyze time series data on systems wit","h dynamic net-"
"work topologies?","",""
"Addressing those questions, the cou","rse combines a series of lectures -- which introduce funda","mental concepts"
"for the statistical modelling of compl","ex networks -- with weekly exercises that show how we ca","n apply them to"
"practical network analysis tasks. Top","ics covered include foundations of graph theory, centralit","y and modulari-"
"ty measures, aggregate statistical ch","aracteristics of large networks, random graphs and statist","ical ensembles"
"of complex networks, generating fun","ction analysis of expected graph properties, scale-free net","works, stocha-"
"stic dynamics in networks, spectral a","nalysis, as well as the modelling of time-varying networks",". The course ma-"
"terial consists of annotated slides fo","r lectures as well as a accompanying git-Repository of jupy","ter notebooks,"
"which implement and validate the th","eoretical concepts covered in the lectures. Students can t","est and deepen"
"their knowledge through weekly exer","cise sheets. The successful completion of the course requ","ires to pass a final"
"written exam.","",""
"Intended learning outcomes","",""
"The course will equip participants wi","th statistical network analysis techniques that are needed","for the data-dri-"
"ven modelling of complex technical,","social, and biological systems. Students will understand","how we can quan-"
"titatively model the topology of netw","orked systems and how we can detect and characterize to","pological pat-"
"terns. Participants will learn how to u","se analytical methods to make statements about the exp","ected properties of"
"very large networks that are generate","d based on different stochastic models. They further gain","an analytical un-"
"derstanding of how the structure of n","etworks shapes dynamical processes, how statistical fluc","tuations in degree"
"distributions influence the robustnes","s of systems, and how emergent network features emerge","from simple ran-"
"dom processes.","",""
"Courses (type, number of weekly contact hour","s, language — if other than German)",""
"V (2) + Ü (2)","",""
"Module taught in: English","",""
"Method of assessment (type, scope, lang","uage — if other than German, examination offered — if not every semester, in","formation on whether"
"module is creditable for bonus)","",""
"written examination (approx. 60 to 1","20 minutes).",""
"If announced by the lecturer at the b","eginning of the course, the written examination may be re","placed by an oral"
"examination of one candidate each (","approx. 20 minutes) or an oral examination in groups of 2","candidates (ap-"
"prox. 15 minutes per candidate).","",""
"Language of assessment: German an","d/or English",""
"creditable for bonus","",""
"Allocation of places","",""
"--","",""
"Additional information","",""
"Focuses available for students of the","Master's programme Informatik (Computer Science, 120 E","CTS credits):"
"Master’s with 1 major Information Systems (2019)","JMU Würzburg • generated 11-Mai-2023 • exam. reg. da-","page 244 / 250"
