"","Module Catalogue for the Subject"
"","Information Systems"
"","Master’s with 1 major, 120 ECTS credits"
"Module title","Abbreviation"
"Professional Project Management","10-I=PM-182-m01"
"Module coordinator","Module offered by"
"holder of the Chair of Computer Scie","nce III
Institute of Computer Science"
"ECTS
Method of grading","Only after succ. compl. of module(s)"
"5
numerical grade","--"
"Duration
Module level","Other prerequisites"
"1 semester
graduate","Simultaneous completion of module 10-I=PRJAK is recommended."
"Contents",""
"Project goals, project assignment, pr","oject success criteria, business plan, environment analysis and stakeholder"
"management, initialisation, definitio","n, planning, execution/control, finishing of projects, reporting, project com-"
"munication and marketing, project or","ganisation, team building and development, opportunity and risk manage-"
"ment; conflict and crisis managemen","t, change and claim management; contract and procurement management,"
"quality management, work technique","s, methods and tools; leadership and social skills in project management,"
"program management, multiproject","management, project portfolio management, PMOs; peculiarities of software"
"projects; agile project management/","SCRUM, combination of classic and agile methods."
"Intended learning outcomes",""
"The students possess practically rele","vant knowledge about the topics of production management and/or pro-"
"fessional project management. They","are familiar with the critical success criteria and are able to initiate, define,"
"plan, control and review projects.",""
"Courses (type, number of weekly contact hour","s, language — if other than German)"
"V (4)",""
"Method of assessment (type, scope, lang","uage — if other than German, examination offered — if not every semester, information on whether"
"module is creditable for bonus)",""
"written examination (approx. 60 to 1","20 minutes)."
"If announced by the lecturer at the b","eginning of the course, the written examination may be replaced by an oral"
"examination of one candidate each (","approx. 20 minutes) or an oral examination in groups of 2 candidates (ap-"
"prox. 15 minutes per candidate).",""
"Language of assessment: German an","d/or English"
"creditable for bonus",""
"Allocation of places",""
"--",""
"Additional information",""
"Focuses available for students of the","Master's programme Informatik (Computer Science, 120 ECTS credits): SE,"
"IT, IS, ES, LR, HCI, GE.",""
"Workload",""
"150 h",""
"Teaching cycle",""
"--",""
"Referred to in LPO I  (examination regulati","ons for teaching-degree programmes)"
"--",""
"Module appears in",""
"Master's degree (1 major) Computer","Science (2018)"
"Master's degree (1 major) Manageme","nt (2018)"
"Master's degree (1 major) Computati","onal Mathematics (2019)"
"Master's degree (1 major) Mathemati","cs (2019)"
"Master's degree (1 major) Informatio","n Systems (2019)"
"Master’s with 1 major Information Systems (2019)","JMU Würzburg • generated 11-Mai-2023 • exam. reg. da-
page 105 / 250"
