"","Module Catalogue for the Subject"
"","Information Systems"
"","Master’s with 1 major, 120 ECTS credits"
"Module title","Abbreviation"
"Brand Management & Market Research","12-M-MM-161-m01"
"Module coordinator","Module offered by"
"Holder of the Chair of Business Management and Marke-","Faculty of Business Management and Economics"
"ting",""
"ECTS
Method of grading
Only after succ. co","mpl. of module(s)"
"5
numerical grade
--",""
"Duration
Module level
Other prerequisite","s"
"1 semester
graduate
--",""
"Contents",""
"Description:",""
"At the beginning of the 21st century, marketing - until then","interpreted as a market-oriented corporate manage-"
"ment approach - was further developed to be seen as the e","ntrepreneurial task of creating ""shared value"" for the"
"organisation on the one hand and - broadly speaking - for","society on the other hand. This idea leads to high re-"
"quirements regarding the strategic sustainable positioning","of the brand as well as brand management itself."
"O
utline of syllabus:",""
"1. Brand leadership and brand assessment",""
"2. Brand leadership, identity and relevance according to D","avid Aaker's approach"
"3. Brand strategies",""
"4. Consumer behaviour",""
"5. Market research methods and the development of brand","strategies"
"6. Market research methods",""
"Intended learning outcomes",""
"Based on the theories of Meffert and Aaker, students will g","ain a profound understanding for brand leadership,"
"which will be deepened by many pracital implications and","examples. Provided by cases studies and market re-"
"search tools, it's the defined goal of this lecture to convey","an in-depth knowledge for consumer behavior and su-"
"stainable brand management.",""
"Courses (type, number of weekly contact hours, language — if other than G","erman)"
"V (2) + Ü (2)",""
"Method of assessment (type, scope, language — if other than German,","examination offered — if not every semester, information on whether"
"module is creditable for bonus)",""
"written examination (approx. 60 minutes)",""
"Language of assessment: German and/or English",""
"Allocation of places",""
"--",""
"Additional information",""
"--",""
"Workload",""
"150 h",""
"Teaching cycle",""
"--",""
"Referred to in LPO I  (examination regulations for teaching-degree progr","ammes)"
"--",""
"Module appears in",""
"Master's degree (1 major) Economathematics (2016)",""
"Master's degree (1 major) Business Information Systems (2","016)"
