"","Module Catalogue for the Subject"
"","Information Systems"
"","Master’s with 1 major, 120 ECTS credits"
"Module title","Abbreviation"
"Seminar: Operations Management","12-M-SN-161-m01"
"Module coordinator","Module offered by"
"Holder of the Chair of Business Management and Business","Faculty of Business Management and Economics"
"Information Systems",""
"ECTS
Method of grading
Only after succ. com","pl. of module(s)"
"10
numerical grade
--",""
"Duration
Module level
Other prerequisites",""
"1 semester
graduate
--",""
"Contents",""
"With the help of topics from the area of ""Operations Manage","ment"", this course will provide students with know-"
"ledge and skills that will enable them to prepare a well-struc","tured term paper and to present the key results of"
"their work.",""
"Intended learning outcomes",""
"Students will learn how to convince a critical audience by gi","ving a presenation regarding a topic from the area"
"of Operations Management. By developing and giving a pres","entation as well as by answering questions the stu-"
"dents will practice their skills to deal with difficult communi","cation situations and to argument for and against a"
"certain topic.",""
"Courses (type, number of weekly contact hours, language — if other than Ger","man)"
"S (2)",""
"Method of assessment (type, scope, language — if other than German, e","xamination offered — if not every semester, information on whether"
"module is creditable for bonus)",""
"term paper (approx. 20 to 25 pages) and presentation (appr","ox. 20 minutes), weighted 2:1"
"Assessment offered: Once a year, winter semester",""
"Language of assessment: German and/or English",""
"Allocation of places",""
"--",""
"Additional information",""
"--",""
"Workload",""
"300 h",""
"Teaching cycle",""
"--",""
"Referred to in LPO I  (examination regulations for teaching-degree progra","mmes)"
"--",""
"Module appears in",""
"Master's degree (1 major) Business Information Systems (20","16)"
"Master's degree (1 major) China Business and Economics (2","016)"
"Master's degree (1 major) China Language and Economy (20","16)"
"Master's degree (1 major) Information Systems (2019)",""
"Master's degree (1 major) Information Systems (2022)",""
