"","Module Catalogue for the Subject"
"","Information Systems"
"","Master’s with 1 major, 120 ECTS credits"
"Module title","Abbreviation"
"Industrial Management 4","12-M-BE-192-m01"
"Module coordinator","Module offered by"
"Holder of the Chair of Business Management and Industrial","Faculty of Business Management and Economics"
"Management",""
"ECTS
Method of grading
Only after succ. com","pl. of module(s)"
"5
numerical grade
--",""
"Duration
Module level
Other prerequisites",""
"1 semester
graduate
--",""
"Contents",""
"This course will develop the objectives, principles and struct","ure of electronically supported procurement proces-"
"ses with a special focus on catalogue-based procurement sy","stems, electronic tendering systems, electronic (re-"
"verse) auctions, e-marketplaces, supplier relationship mana","gement systems and eSupply chain management sy-"
"stems.",""
"Intended learning outcomes",""
"The students will be able to describe and evaluate both the","potentials and goals of electronic supported pro-"
"curement systens and will be able to design appropriate sys","tems for real-life applications. Students will get in-"
"sight into the essentials of operational procurement manage","ment, especially e-procurement with a focus on ca-"
"talog-based procurement systems, electronic tendering syst","ems, electronic (reverse) auctions, e-marketplaces,"
"supplier relationship management systems and eSupply cha","in management systems. After completing this mo-"
"dule, students can define and analyze the related tasks and","processes and show or develop theory-based and"
"application-oriented possible solutions at a high profession","al level."
"Courses (type, number of weekly contact hours, language — if other than Ger","man)"
"V (2) + Ü (2)",""
"Method of assessment (type, scope, language — if other than German, e","xamination offered — if not every semester, information on whether"
"module is creditable for bonus)",""
"a) Written examination (approx. 40 to 60 minutes) or",""
"b) Presentation (approx. 20 Minutes) and term paper (15 to 2","0 pages), weighted 1:1 or"
"c) Term paper (30 to 40 pages) or",""
"d) entirely or partly computerised written examination (appr","ox. 60 minutes) or"
"e) Portfolio (approx. 20 pages)",""
"Creditable for bonus",""
"Language of assessment: German and/or English",""
"Allocation of places",""
"20 places.",""
"(1) A total of 15 places will be allocated to students of the M","aster's degree programmes Management as well as"
"International Economic Policy.",""
"Should the number of applications exceed 15, these places","will be allocated by lot. A waiting list will be maintai-"
"ned and places re-allocated by lot as they become available","."
"(2) A total of 5 places will be allocated to students of the Ma","ster's degree programme Information Systems."
"Should the number of applications exceed 5, these places w","ill be allocated by lot. A waiting list will be maintai-"
"ned and places re-allocated by lot as they become available","."
"(3) When places are allocated in accordance with (1) and (2)","and the number of applications exceeds the number"
"of available places, places will be allocated by lot among ap","plicants from this group."
"Additional information",""
"Module can be taught in form of E Learning course, seminar,","workshop etc."
"Workload",""
"150 h",""
