"","Module Catalogue for the Subject"
"","Information Systems"
"","Master’s with 1 major, 120 ECTS credits"
"Module title","Abbreviation"
"Coordination, Budgeting and Incentives in Organizations","12-M-KOBO-182-m01"
"Module coordinator","Module offered by"
"Holder of the Chair of Business Management, Management","Faculty of Business Management and Economics"
"Accounting and Control",""
"ECTS
Method of grading
Only after succ. com","pl. of module(s)"
"5
numerical grade
--",""
"Duration
Module level
Other prerequisites",""
"1 semester
graduate
--",""
"Contents",""
"This module focuses on accounting-based instruments to co","ntrol behavior in decentralized enterprises. The"
"course first discusses the role of accounting in the context o","f decision-making and behavioral controlling as well"
"as informational analyses. Afterwards, the most common in","struments of behavioral controlling (budgeting, va-"
"lue-oriented management, transfer prices) are discussed wit","h regard to theory and practice."
"Intended learning outcomes",""
"This module aims to provide knowledge in the context of be","havioral control in enterprises. Knowledge about re-"
"quirements on instruments used for behavioral control are d","iscussed and competences for deployment, struc-"
"ture and development of coordination tools are provided.",""
"Courses (type, number of weekly contact hours, language — if other than Ger","man)"
"V (2) + Ü (2)",""
"Method of assessment (type, scope, language — if other than German, e","xamination offered — if not every semester, information on whether"
"module is creditable for bonus)",""
"a) written examination (approx. 60 minutes) or b) term pape","r (approx. 15 pages)"
"Language of assessment: German and/or English",""
"creditable for bonus",""
"Allocation of places",""
"--",""
"Additional information",""
"--",""
"Workload",""
"150 h",""
"Teaching cycle",""
"--",""
"Referred to in LPO I  (examination regulations for teaching-degree progra","mmes)"
"--",""
"Module appears in",""
"Master's degree (1 major) Management (2018)",""
"Master's degree (1 major) International Economic Policy (201","8)"
"Master's degree (1 major) China Business and Economics (2","019)"
"Master's degree (1 major) China Language and Economy (20","19)"
"Master's degree (1 major) Information Systems (2019)",""
"Master's degree (1 major) China Business and Economics (2","021)"
"Master's degree (1 major) China Language and Economy (20","21)"
"Master's degree (1 major) Economathematics (2021)",""
"Master's degree (1 major) Information Systems (2022)",""
"Master's degree (1 major) International Economic Policy (20","22)"
