"","Module Catalogue for the Subject"
"","Information Systems"
"","Master’s with 1 major, 120 ECTS credits"
"Module title","Abbreviation"
"Software Architecture","10-I=SAR-161-m01"
"Module coordinator","Module offered by"
"holder of the Chair of Computer Science II","Institute of Computer Science"
"ECTS
Method of grading
Only after s","ucc. compl. of module(s)"
"5
numerical grade
--",""
"Duration
Module level
Other prere","quisites"
"1 semester
graduate
--",""
"Contents",""
"Current topics in the area of aerospace.",""
"Intended learning outcomes",""
"The students possess a fundamental and applicabl","e knowledge about advanced topics in software engineering"
"with a focus on modern software architectures and","fundamental approaches to model-driven software enginee-"
"ring.",""
"Courses (type, number of weekly contact hours, language — if oth","er than German)"
"V (2) + Ü (2)",""
"Method of assessment (type, scope, language — if other tha","n German, examination offered — if not every semester, information on whether"
"module is creditable for bonus)",""
"written examination (approx. 60 to 120 minutes).",""
"If announced by the lecturer at the beginning of the","course, the written examination may be replaced by an oral"
"examination of one candidate each (approx. 20 mi","nutes) or an oral examination in groups of 2 candidates (ap-"
"prox. 15 minutes per candidate).",""
"Language of assessment: German and/or English",""
"creditable for bonus",""
"Allocation of places",""
"--",""
"Additional information",""
"Focuses available for students of the Master's prog","ramme Informatik (Computer Science, 120 ECTS credits):"
"SE,IT,ES",""
"Workload",""
"150 h",""
"Teaching cycle",""
"--",""
"Referred to in LPO I  (examination regulations for teaching-de","gree programmes)"
"--",""
"Module appears in",""
"Master's degree (1 major) Computer Science (2016)",""
"Master's degree (1 major) Mathematics (2016)",""
"Master's degree (1 major) Computational Mathema","tics (2016)"
"Master's teaching degree Gymnasium MINT Teache","r Education PLUS, Elite Network Bavaria (ENB) (2016)"
"Supplementary course MINT Teacher Education PLU","S, Elite Network Bavaria (ENB) (2016)"
"Master's degree (1 major) Computer Science (2017)",""
"Master's degree (1 major) Computer Science (2018)",""
"Module studies (Master) Computer Science (2019)",""
"Master's degree (1 major) Computational Mathema","tics (2019)"
"Master's degree (1 major) Mathematics (2019)",""
