"","Module Catalogue for the Subject"
"","Information Systems"
"","Master’s with 1 major, 120 ECTS credits"
"Module title","Abbreviation"
"Stochastic Models for Risk Analysis","12-RM-RA-192-m01"
"Module coordinator","Module offered by"
"Dean of Studies Mathematik (Mathematics)","Faculty of Business Management and Economics"
"ECTS
Method of grading
Only after su","cc. compl. of module(s)"
"5
numerical grade
--",""
"Duration
Module level
Other prereq","uisites"
"1 semester
graduate
--",""
"Contents",""
"Point and interval estimation for the value at risk Po","int and interval estimation for the conditional value at risk"
"Prediction of value at risk in time series Risk of forec","asts in time series, in particular exponential smoothing un-"
"der covariates Conditional heteroscedasticity: ARCH",", GARCH, EGARCH, DVEC, BEKK, DCC Aggregated losses and"
"their empirical analysis Empirical analysis of statisti","cal distributions Nonparametric bounds for the value at risk"
"and conditional value at risk Empirical estimation of","nonparametric bounds for value at risk and conditional va-"
"lue at risk Market model: definition, derivation, para","meters, empirical analysis Capital asset pricing model: de-"
"finition, parameters, empirical analysis Asset portfo","lios: definition, risk parameters Estimation of portfolio para-"
"meters: variance, value at risk, conditional value at","risk, shortfall Optimum portfolios: concepts, theory, numeri-"
"cal analysis",""
"Intended learning outcomes",""
"The student is able to estimate risk measures and th","e parameters of risk models from data. In particular, the stu-"
"dent knows software packages and routines which e","nable empirical risk evaluation in a business context."
"Courses (type, number of weekly contact hours, language — if othe","r than German)"
"Ü (2) + V (2)",""
"Method of assessment (type, scope, language — if other than","German, examination offered — if not every semester, information on whether"
"module is creditable for bonus)",""
"Written examination (approx. 60 minutes)",""
"Allocation of places",""
"30 places.",""
"Should the number of applications exceed the numb","er of available places, places will be allocated as follows:"
"(1) Master's students of Information Systems will be","given preferential consideration."
"(2) The remaining places will be allocated to studen","ts of other subjects."
"(3) When places are allocated in accordance with (1)","and (2) and the number of applications exceeds the number"
"of available places, places will be allocated by lot a","mong applicants from this group."
"Additional information",""
"--",""
"Workload",""
"150 h",""
"Teaching cycle",""
"--",""
"Referred to in LPO I  (examination regulations for teaching-deg","ree programmes)"
"--",""
"Module appears in",""
"Master's degree (1 major) Information Systems (201","9)"
"Master's degree (1 major) China Business and Econo","mics (2021)"
"Master's degree (1 major) China Language and Econ","omy (2021)"
"Master's degree (1 major) Economathematics (2021)",""
