"","Module Catalo","gue for the Subject"
"","Inf","ormation Systems"
"","Master’s with 1 majo","r, 120 ECTS credits"
"Module title","Abbreviation",""
"Advanced Topics in Data Science","12-M-ATDS-21","1-m01"
"Module coordinator","Module offered by",""
"Holder of the Chair of Business Analy","tics
Faculty of Business Management","and Economics"
"ECTS
Method of grading","Only after succ. compl. of module(s)",""
"5
numerical grade","--",""
"Duration
Module level","Other prerequisites",""
"1 semester
graduate","--",""
"Contents","",""
"In this course, students work on adv","anced data science projects. The course covers the entire","data science work-"
"flow from data collection to data pre","paration to modeling, evaluation and deployment. By follo","wing a top-down"
"teaching approach, students are ena","bled to apply complex machine learning models from the","beginning."
"Intended learning outcomes","",""
"As part of the course work, students","will acquire knowledge and skills in the following areas:",""
"1. Becoming familiar with the princip","les and frameworks in the research area of Data Science.",""
"2. Apply machine learning and deep","learning frameworks to structured and unstructured data",""
"3. Design, implementation and evalu","ation of key algorithms within an end-to-end workflow in t","he field of Data"
"Science","",""
"4. Application of Jupyter notebooks a","nd their infrastructure (collection, storage, retrieval, and a","nalysis of data)"
"5. Understanding of a data-driven &","analytical approach to decision problems",""
"Courses (type, number of weekly contact hour","s, language — if other than German)",""
"V (2) + Ü (2)","",""
"Module taught in: English","",""
"Method of assessment (type, scope, lang","uage — if other than German, examination offered — if not every semester, in","formation on whether"
"module is creditable for bonus)","",""
"a) written examination (approx. 60 m","inutes) or",""
"b) term paper (approx. 15 pages)","",""
"Language of assessment: German an","d/or English",""
"Assessment offered: Only when anno","unced in the semester in which the courses are offered",""
"creditable for bonus","",""
"Allocation of places","",""
"--","",""
"Additional information","",""
"--","",""
"Workload","",""
"150 h","",""
"Teaching cycle","",""
"--","",""
"Referred to in LPO I  (examination regulati","ons for teaching-degree programmes)",""
"--","",""
"Module appears in","",""
"Master's degree (1 major) Manageme","nt (2018)",""
"Master's degree (1 major) Internation","al Economic Policy (2018)",""
"Master's degree (1 major) Informatio","n Systems (2019)",""
"Master's degree (1 major) China Busi","ness and Economics (2021)",""
"Master's degree (1 major) China Lang","uage and Economy (2021)",""
"exchange program Business Manage","ment and Economics (2022)",""
"Master’s with 1 major Information Systems (2019)","JMU Würzburg • generated 11-Mai-2023 • exam. reg. da-","page 228 / 250"
