"","Module Catalogue for the Subject"
"","Information Systems"
"","Master’s with 1 major, 120 ECTS credits"
"Module title","Abbreviation"
"Systems Benchmarking","10-I=SB-212-m01"
"Module coordinator","Module offered by"
"holder of the Chair of Computer Science IX","Institute of Computer Science"
"ECTS
Method of grading
Only after s","ucc. compl. of module(s)"
"5
numerical grade
--",""
"Duration
Module level
Other prere","quisites"
"1 semester
--
--",""
"Contents",""
"--",""
"Intended learning outcomes",""
"--",""
"Courses (type, number of weekly contact hours, language — if oth","er than German)"
"V (2) + Ü (2)",""
"Method of assessment (type, scope, language — if other tha","n German, examination offered — if not every semester, information on whether"
"module is creditable for bonus)",""
"written examination (approx. 60 to 120 minutes).",""
"If announced by the lecturer at the beginning of the","course, the written examination may be replaced by an oral"
"examination of one candidate each (approx. 20 min","utes) or an oral examination in groups of 2 candidates (ap-"
"prox. 15 minutes per candidate).",""
"creditable for bonus",""
"Language of assessment: German and/or English",""
"Allocation of places",""
"--",""
"Additional information",""
"Focuses available for students of the Master's prog","ramme Informatik (Computer Science, 120 ECTS credits):"
"SE,IT,ES,HCI,GE",""
"Workload",""
"150 h",""
"Teaching cycle",""
"--",""
"Referred to in LPO I  (examination regulations for teaching-de","gree programmes)"
"--",""
"Module appears in",""
"Master's degree (1 major) Information Systems (201","9)"
"Master's degree (1 major) eXtended Artificial Intellig","ence (xtAI) (2020)"
"Master's degree (1 major) Computer Science (2021)",""
"Master's degree (1 major) Aerospace Computer Scie","nce (2021)"
"Master's degree (1 major) Information Systems (202","2)"
"Master's degree (1 major) Computer Science (2023)",""
"Master's degree (1 major) Aerospace Computer Scie","nce (2023)"
