"","Module Catalogue for the Subject"
"","Information Systems"
"","Master’s with 1 major, 120 ECTS credits"
"Module title","Abbreviation"
"Image Processing and Computational Photography","10-I=IP-222-m01"
"Module coordinator","Module offered by"
"--","Institute of Computer Science"
"ECTS
Method of grading
Only after succ.","compl. of module(s)"
"5
numerical grade
--",""
"Duration
Module level
Other prerequisi","tes"
"1 semester
--
--",""
"Contents",""
"--",""
"Intended learning outcomes",""
"--",""
"Courses (type, number of weekly contact hours, language — if other tha","n German)"
"V (2) + Ü (2)",""
"Module taught in: English",""
"Method of assessment (type, scope, language — if other than Germ","an, examination offered — if not every semester, information on whether"
"module is creditable for bonus)",""
"written examination (approx. 60 to 120 minutes)",""
"If announced by the lecturer at the beginning of the cour","se, the written examination may be replaced by an oral"
"examination of one candidate each (approx. 20 minutes",") or an oral examination in groups of 2 candidates (ap-"
"prox. 15 minutes per candidate).",""
"Language of assessment: English",""
"Creditable for bonus",""
"Allocation of places",""
"--",""
"Additional information",""
"--",""
"Workload",""
"150 h",""
"Teaching cycle",""
"--",""
"Referred to in LPO I  (examination regulations for teaching-degree p","rogrammes)"
"--",""
"Module appears in",""
"Master's degree (1 major) Information Systems (2019)",""
"Master's degree (1 major) eXtended Artificial Intelligenc","e (xtAI) (2020)"
"Master's degree (1 major) Information Systems (2022)",""
"Master's degree (1 major) Computer Science (2023)",""
"Master's degree (1 major) Aerospace Computer Science","(2023)"
