"","Module Catalog","ue for the Subject"
"","Inf","ormation Systems"
"","Master’s with 1 major",", 120 ECTS credits"
"Module title","Abbreviation",""
"Information Processing within Organ","12-IV-161-m01
izations",""
"Module coordinator","Module offered by",""
"holder of the Chair of Business Mana","gement and Business 
Faculty of Business Management a","nd Economics"
"Information Systems","",""
"ECTS
Method of grading","Only after succ. compl. of module(s)",""
"5
numerical grade","--",""
"Duration
Module level","Other prerequisites",""
"1 semester
graduate","--",""
"Contents","",""
"Content:","",""
"This course provides students with a","n in-depth overview of the structure and the application ar","eas of business"
"management information systems in","enterprises and public institutions.",""
"O
utline of syllabus:","",""
"1. What is software: concepts, catego","ries, application",""
"2. Software life cycle: duration, phas","es, steps",""
"3. As-is analysis: tasks, problems","",""
"4. To-be concept: system design, dat","a design, dialog design, function design",""
"5. Object orientation: paradigm shift","",""
"6. Change management: meaning, m","ethodologies, project management",""
"7. Office automation: tasks, areas of","application",""
"Intended learning outcomes","",""
"After completing the course ""Integrat","ed Information Processing"", students will be able to",""
"(i) understand the importance of inte","gration in enterprises, especially in information systems;",""
"(ii) assess the progress of developm","ent of a software project, estimate cycle costs, know and c","onsider require-"
"ments, which brings a software impl","ementation with;",""
"(iii) select the correct procedures or p","ractices in an as-is analysis and target conception and pr","actically apply"
"(with participation in the exercise);","",""
"(iv) understand the importance of ch","ange management and project management and know the","appropriate me-"
"thods for specific applications.","",""
"Courses (type, number of weekly contact hour","s, language — if other than German)",""
"V (2) + Ü (2)","",""
"Method of assessment (type, scope, lang","uage — if other than German, examination offered — if not every semester, in","formation on whether"
"module is creditable for bonus)","",""
"written examination (approx. 60 min","utes)",""
"Language of assessment: German an","d/or English",""
"creditable for bonus","",""
"Allocation of places","",""
"--","",""
"Additional information","",""
"--","",""
"Workload","",""
"150 h","",""
"Teaching cycle","",""
"--","",""
"Referred to in LPO I  (examination regulati","ons for teaching-degree programmes)",""
"--","",""
"Master’s with 1 major Information Systems (2019)","JMU Würzburg • generated 11-Mai-2023 • exam. reg. da-","page 10 / 250"
