"","Module Catalog","ue for the Subject"
"","Inf","ormation Systems"
"","Master’s with 1 majo","r, 120 ECTS credits"
"Module title","Abbreviation",""
"Managerial Analytics & Decision Ma","12-M-MADM-1
king","82-m01"
"Module coordinator","Module offered by",""
"Holder of the Chair of Logistics and Q","uantitative Methods 
Faculty of Business Management","and Economics"
"in Business Administration","",""
"ECTS
Method of grading","Only after succ. compl. of module(s)",""
"5
numerical grade","--",""
"Duration
Module level","Other prerequisites",""
"1 semester
graduate","--",""
"Contents","",""
"The course ""Managerial Analytics & D","ecision Making"" discusses quantitative methods to struc","ture and solve"
"a diverse set of management proble","ms and demonstrates the application of modern methods","with the help of"
"multiple case studies.","",""
"Intended learning outcomes","",""
"After completing this course student","s can",""
"(i) better understand and structure p","roblems;",""
"(ii) apply important theoretical and e","mpirical frameworks to practical problems that evaluate g","ood and bad deci-"
"sion making;","",""
"(iii) implement advanced analytical m","ethods to support decision making under risk.",""
"Courses (type, number of weekly contact hour","s, language — if other than German)",""
"V (2) + Ü (2)","",""
"Module taught in: English","",""
"Method of assessment (type, scope, lang","uage — if other than German, examination offered — if not every semester, in","formation on whether"
"module is creditable for bonus)","",""
"a) written examination (approx. 60 m","inutes) or b) term paper (approx. 15 to 20 pages)",""
"Language of assessment: English","",""
"creditable for bonus","",""
"Allocation of places","",""
"--","",""
"Additional information","",""
"--","",""
"Workload","",""
"150 h","",""
"Teaching cycle","",""
"--","",""
"Referred to in LPO I  (examination regulati","ons for teaching-degree programmes)",""
"--","",""
"Module appears in","",""
"Master's degree (1 major) Manageme","nt (2018)",""
"Master's degree (1 major) Internation","al Economic Policy (2018)",""
"Master's degree (1 major) China Busi","ness and Economics (2019)",""
"Master's degree (1 major) China Lang","uage and Economy (2019)",""
"Master's degree (1 major) Informatio","n Systems (2019)",""
"Master's degree (1 major) China Busi","ness and Economics (2021)",""
"Master's degree (1 major) China Lang","uage and Economy (2021)",""
"Master's degree (1 major) Economath","ematics (2021)",""
"Master's degree (1 major) Informatio","n Systems (2022)",""
"Master’s with 1 major Information Systems (2019)","JMU Würzburg • generated 11-Mai-2023 • exam. reg. da-","page 183 / 250"
